Car,Model,Kilometers,Fuel,Transmission,Price,Car_Age
Chevrolet,spark,100000.0,0,0,67000.0,15
Chevrolet,spark,32200.000000000004,0,0,112999.99999999999,12
Chevrolet,beat,120000.0,0,0,87000.0,16
Chevrolet,beat,120000.0,0,0,126000.0,10
Chevrolet,beat,53420.0,0,0,172000.0,13
Chevrolet,sail uva,58760.0,0,0,145000.0,13
Chevrolet,spark,24340.0,0,0,170000.0,13
Chevrolet,spark,123.0,0,0,38000.0,15
Chevrolet,spark,75330.0,0,0,62000.0,15
Chevrolet,beat,150000.0,1,0,68000.0,15
Chevrolet,beat,110000.00000000001,1,0,115999.99999999999,12
Chevrolet,sail uva,85780.0,1,0,244000.0,13
Chevrolet,beat,67780.0,0,0,119000.0,15
Chevrolet,sail uva,99850.0,1,0,139000.0,13
Chevrolet,spark,87160.0,0,0,70000.0,15
Chevrolet,beat,84970.0,0,0,83000.0,16
Chevrolet,sail uva,82060.0,0,0,140000.0,13
Chevrolet,beat,78360.0,0,0,117000.0,15
Chevrolet,beat,78780.0,0,0,118000.0,13
Chevrolet,beat,95440.0,0,0,129000.0,14
Chevrolet,spark,73370.0,0,0,123000.0,13
Chevrolet,beat,39800.0,0,0,206999.99999999997,12
Chevrolet,sail uva,170000.0,0,0,149000.0,13
Chevrolet,beat,170000.0,1,0,68000.0,15
Chevrolet,beat,86910.0,1,0,117000.0,15
Chevrolet,spark,140000.0,0,0,90000.0,14
Datsun,redi go,130000.0,0,0,137000.0,9
Datsun,redi go,48640.0,0,1,213000.0,8
Datsun,redi go,74310.0,0,0,214000.0,5
Datsun,go plus,76780.0,0,0,299000.0,6
Datsun,redi go,51440.0,0,0,183000.0,9
Datsun,redi go,21290.0,0,0,357000.0,5
Datsun,redi go,50120.0,0,0,184000.0,9
Datsun,go plus,96090.0,0,0,256999.99999999997,7
Datsun,redi go,63260.0,0,1,220000.00000000003,8
Datsun,redi go,35580.0,0,0,144000.0,9
Datsun,redi go,98760.0,0,0,147000.0,10
Datsun,redi go,89680.0,0,0,139000.0,10
Datsun,redi go,100000.0,0,0,171000.0,9
Datsun,redi go,30760.0,0,0,160000.0,9
Datsun,redi go,35210.0,0,0,161000.0,9
Datsun,redi go,28010.0,0,1,204000.0,8
Datsun,redi go,35670.0,0,1,267000.0,7
Datsun,redi go,39560.0,0,1,236000.0,8
Datsun,go plus,59920.0,0,0,194000.0,11
Datsun,go plus,19670.0,0,0,274000.0,7
Datsun,redi go,72870.0,0,1,220000.00000000003,8
Datsun,redi go,100000.0,0,0,169000.0,8
Fiat,grand punto,130000.0,1,0,110000.00000000001,15
Fiat,grand punto,200000.0,1,0,68000.0,15
Fiat,grand punto,130000.0,1,0,149000.0,13
Fiat,grand punto,100000.0,1,0,120000.0,14
Fiat,grand punto,140000.0,1,0,98000.0,16
Fiat,grand punto,78730.0,0,0,233000.0,12
Fiat,grand punto,74700.0,1,0,135000.0,13
Ford,figo,82850.0,0,0,100000.0,15
Ford,ecosport,11660.0,1,0,366000.0,12
Ford,figo,140000.0,1,0,171000.0,13
Ford,ecosport,98360.0,0,0,394000.0,11
Ford,figo,66080.0,0,0,120000.0,14
Ford,figo,120000.0,1,0,350000.0,11
Ford,ecosport,64209.99999999999,0,1,442000.0,10
Ford,figo,160000.0,1,0,104000.0,15
Ford,figo,100000.0,1,0,110000.00000000001,14
Ford,figo,130000.0,1,0,160000.0,14
Ford,figo aspire,87190.0,1,0,378000.0,8
Ford,figo,74060.0,0,0,122000.0,14
Ford,figo,120000.0,1,0,91000.0,16
Ford,figo,200000.0,1,0,100000.0,15
Ford,figo,40750.0,0,0,270000.0,9
Ford,ecosport,38060.0,0,0,581000.0,7
Ford,figo,100000.0,0,0,239000.0,9
Ford,figo,110000.00000000001,0,0,151000.0,14
Ford,figo,100000.0,0,0,376000.0,7
Ford,figo,63400.0,1,0,181000.0,14
Ford,ecosport,97000.0,1,0,227000.0,12
Ford,ecosport,78250.0,1,0,448000.00000000006,11
Ford,figo,80000.0,0,0,91000.0,15
Ford,figo,100000.0,1,0,132000.0,13
Ford,figo,97760.0,0,0,100000.0,16
Ford,figo,120000.0,0,0,99000.0,16
Ford,figo,66340.0,1,0,209000.0,12
Ford,figo,76060.0,1,0,180000.0,14
Ford,ecosport,77180.0,0,0,331000.0,11
Ford,ecosport,38210.0,0,0,513999.99999999994,7
Ford,figo,85450.0,0,0,112999.99999999999,15
Ford,figo aspire,48530.0,0,0,364000.0,8
Ford,ecosport,72070.0,0,0,425000.0,9
Ford,figo,110000.00000000001,1,0,85000.0,15
Ford,figo,81680.0,0,1,358000.0,9
Ford,figo aspire,58560.0,0,1,283000.0,10
Ford,figo,110000.00000000001,0,0,220000.00000000003,12
Ford,ecosport,43140.0,0,0,499000.0,9
Ford,figo aspire,68070.0,0,0,297000.0,10
Ford,figo,57420.0,0,0,329000.0,10
Ford,ecosport,73590.0,1,0,614000.0,7
Ford,figo,64110.0,1,0,101000.0,15
Ford,figo,170000.0,1,0,123000.0,14
Ford,figo,83110.0,0,0,351000.0,5
Ford,ecosport,99660.0,0,0,282000.0,12
Ford,ecosport,290000.0,1,0,259000.0,13
Ford,figo,140000.0,1,0,210000.0,14
Ford,figo aspire,120000.0,1,0,330000.0,11
Ford,ecosport,150000.0,1,0,650000.0,6
Ford,ecosport,100000.0,0,1,320000.0,12
Ford,figo,94150.0,1,0,134000.0,14
Ford,ecosport,80500.0,1,0,351000.0,11
Ford,figo,140000.0,1,0,155000.0,14
Ford,figo,92120.0,0,0,107000.0,15
Ford,figo,140000.0,1,0,96000.0,16
Honda,city,110000.00000000001,0,1,450000.0,11
Honda,brio,80230.0,0,0,219000.0,13
Honda,city,89390.0,0,0,443000.0,10
Honda,jazz,76150.0,0,0,375000.0,10
Honda,jazz,30060.0,0,1,583000.0,8
Honda,jazz,34570.0,0,1,610000.0,7
Honda,amaze,65960.0,0,0,321000.0,11
Honda,jazz,190000.0,0,1,350000.0,11
Honda,brio,79640.0,0,0,246000.0,10
Honda,city,170000.0,0,0,310000.0,13
Honda,jazz,37260.0,0,1,462000.0,8
Honda,city,75870.0,0,1,720000.0,8
Honda,city,33070.0,0,0,459000.0,11
Honda,jazz,80020.0,0,1,420000.0,10
Honda,jazz,60270.0,0,0,385000.0,10
Honda,city,150000.0,1,0,479000.0,11
Honda,brio,83990.0,0,0,237000.0,12
Honda,city,55980.0,0,1,532000.0,10
Honda,brio,62020.0,0,0,399000.0,8
Honda,city,24660.0,0,1,1081000.0,4
Honda,amaze,62470.0,0,0,244000.0,12
Honda,wr-v,8520.0,0,0,734000.0,4
Honda,jazz,43480.0,0,0,403000.0,9
Honda,city,57110.0,0,0,437000.0,11
Honda,jazz,83310.0,0,0,417000.0,10
Honda,jazz,44960.0,0,0,370000.0,9
Honda,city,44980.0,0,0,471000.0,10
Honda,jazz,54400.0,0,1,412000.0,9
Honda,amaze,93730.0,0,1,482000.0,7
Honda,wr-v,130000.0,1,0,520000.0,9
Honda,jazz,78870.0,0,1,409000.0,9
Honda,jazz,61380.0,0,0,470000.0,8
Honda,brio,31080.0,0,0,260000.0,14
Honda,jazz,40940.0,0,0,342000.0,10
Honda,city,34890.0,0,0,392000.0,11
Honda,jazz,51490.0,0,0,490000.00000000006,8
Honda,city,26690.0,0,1,958000.0,4
Honda,city,100000.0,0,0,440000.00000000006,11
Honda,jazz,78120.0,0,1,367000.0,9
Honda,amaze,13620.0,0,1,588000.0,7
Honda,brio,120000.0,0,0,194000.0,13
Honda,wr-v,39050.0,0,0,632000.0,5
Honda,city,58010.0,0,0,290000.0,12
Honda,city,100000.0,0,1,413999.99999999994,10
Honda,city,65269.99999999999,0,0,397000.0,11
Honda,jazz,81450.0,0,1,520000.0,8
Honda,city,120000.0,0,0,357000.0,12
Honda,brio,30900.0,0,0,326000.0,10
Honda,city,110000.00000000001,0,0,379000.0,12
Honda,brio,89190.0,0,0,164000.0,14
Honda,amaze,56140.0,0,0,603000.0,3
Honda,jazz,99310.0,0,1,400000.0,8
Honda,amaze,43250.0,0,0,640000.0,6
Honda,city,58580.0,1,0,380000.0,12
Honda,jazz,72250.0,0,1,380000.0,10
Honda,jazz,34710.0,0,0,296000.0,10
Honda,amaze,120000.0,0,0,265000.0,13
Honda,amaze,89740.0,0,0,440000.00000000006,7
Honda,city,120000.0,0,1,554000.0,9
Honda,jazz,48610.0,0,1,495000.0,8
Honda,amaze,88310.0,1,0,486000.00000000006,7
Honda,amaze,66920.0,0,0,270000.0,13
Honda,amaze,140000.0,0,0,225999.99999999997,12
Honda,brio,86100.0,0,0,224000.00000000003,13
Honda,wr-v,49730.0,0,0,542000.0,7
Honda,brio,21510.0,0,0,277000.0,10
Honda,amaze,96050.0,0,1,250000.0,13
Honda,amaze,130000.0,1,0,254000.0,13
Honda,city,70010.0,0,1,219000.0,15
Honda,brio,110000.00000000001,0,0,175000.0,13
Honda,brio,85270.0,0,0,204999.99999999997,12
Honda,city,76450.0,0,0,131000.0,15
Honda,brio,65390.0,0,0,215000.0,11
Honda,city,41580.0,0,1,721000.0,8
Honda,wr-v,110000.00000000001,0,0,476999.99999999994,9
Honda,wr-v,92940.0,0,0,425000.0,9
Honda,city,83940.0,0,1,451000.0,10
Honda,jazz,71910.0,0,0,329000.0,10
Honda,jazz,87560.0,0,0,175000.0,14
Honda,amaze,86090.0,0,0,231999.99999999997,13
Honda,city,170000.0,0,0,284000.0,13
Honda,city,94370.0,0,1,345000.0,12
Honda,brio,43890.0,0,0,237000.0,13
Honda,city,3350.0,0,0,780000.0,3
Honda,city,190000.0,1,0,472000.0,12
Honda,amaze,77350.0,0,0,441000.0,5
Honda,brio,150000.0,0,0,168000.0,13
Honda,wr-v,130000.0,1,0,566000.0,9
Honda,brio,92620.0,0,0,163000.0,13
Honda,amaze,130000.0,1,0,300000.0,10
Honda,city,42740.0,0,1,913000.0000000001,4
Honda,city,120000.0,0,1,213000.0,16
Honda,city,44440.0,0,1,680000.0,8
Honda,brio,92080.0,0,0,150000.0,13
Honda,city,150000.0,1,0,445000.0,12
Honda,amaze,42350.0,0,1,700000.0,4
Honda,amaze,58320.0,0,0,498000.00000000006,7
Honda,amaze,29370.0,0,1,540000.0,6
Honda,city,36180.0,0,0,194000.0,14
Honda,city,120000.0,0,0,357000.0,12
Honda,city,130000.0,0,1,600000.0,9
Honda,city,80550.0,0,0,229999.99999999997,14
Honda,jazz,23590.0,0,1,476999.99999999994,10
Honda,city,64780.0,0,1,250999.99999999997,15
Honda,city,110000.00000000001,0,0,188000.0,14
Honda,city,100000.0,0,0,154000.0,15
Honda,amaze,150000.0,1,0,234000.0,13
Honda,city,64200.0,1,0,640000.0,8
Honda,brio,29300.0,0,0,202000.0,11
Honda,brio,82080.0,0,0,133000.0,15
Honda,brio,74730.0,0,0,145000.0,13
Honda,city,84750.0,0,0,455000.0,10
Honda,city,28090.0,0,0,891000.0,5
Honda,city,39710.0,0,0,638000.0,7
Honda,city,34950.0,0,0,566000.0,10
Honda,amaze,49340.0,0,0,322000.0,12
Honda,jazz,45900.0,0,0,509999.99999999994,7
Hyundai,grand i10,55750.0,0,0,389000.0,9
Hyundai,grand i10,17600.0,0,1,674000.0,4
Hyundai,elite i20,110000.00000000001,1,0,491000.0,10
Hyundai,elite i20,86900.0,0,0,484999.99999999994,8
Hyundai,elite i20,200000.0,0,0,399000.0,11
Hyundai,i20,61920.0,0,0,342000.0,14
Hyundai,grand i10,87590.0,0,1,423000.00000000006,9
Hyundai,elite i20,75680.0,0,0,511000.00000000006,8
Hyundai,santro xing,88290.0,0,0,131000.0,15
Hyundai,elite i20,130000.0,1,0,446000.0,8
Hyundai,grand i10,78580.0,0,0,357000.0,10
Hyundai,grand i10,95600.0,0,0,329000.0,12
Hyundai,aura,27670.0,0,0,741000.0,3
Hyundai,i20 active,98740.0,0,0,490000.00000000006,8
Hyundai,grand i10,93200.0,0,0,328000.0,11
Hyundai,i20 active,67690.0,0,0,544000.0,9
Hyundai,grand i10,11160.0,0,1,672000.0,2
Hyundai,i10,46290.0,0,0,137000.0,16
Hyundai,grand i10,75570.0,0,0,310000.0,11
Hyundai,elite i20,140000.0,1,0,400000.0,11
Hyundai,elite i20,69610.0,0,0,454000.0,10
Hyundai,eon,95000.0,0,0,263000.0,9
Hyundai,grand i10,20640.0,0,0,441000.0,9
Hyundai,santro,37440.0,0,1,405000.0,7
Hyundai,grand i10,74180.0,0,1,412000.0,9
Hyundai,eon,78970.0,0,0,154000.0,14
Hyundai,grand i10,13900.0,0,0,419000.00000000006,8
Hyundai,eon,50360.0,0,0,258000.0,10
Hyundai,grand i10,82120.0,0,0,399000.0,9
Hyundai,grand i10,76120.0,0,0,328000.0,12
Hyundai,grand i10,13970.0,0,1,664000.0,2
Hyundai,eon,51360.0,0,0,210000.0,10
Hyundai,grand i10,39540.0,0,1,370000.0,12
Hyundai,grand i10,74440.0,0,1,339000.0,11
Hyundai,grand i10,59100.0,0,1,394000.0,10
Hyundai,grand i10,42740.0,0,1,375000.0,11
Hyundai,elite i20,75340.0,0,1,526000.0,8
Hyundai,elite i20,150000.0,1,0,462000.0,11
Hyundai,grand i10,76680.0,0,1,438999.99999999994,7
Hyundai,grand i10,25370.0,0,0,433000.0,7
Hyundai,exter,43980.0,0,0,700000.0,2
Hyundai,elite i20,130000.0,0,0,526000.0,7
Hyundai,grand i10,31000.0,0,0,419000.00000000006,8
Hyundai,grand i10,32350.0,0,0,333000.0,10
Hyundai,elite i20,67580.0,0,0,429000.0,9
Hyundai,grand i10,72230.0,0,0,326000.0,10
Hyundai,santro,78340.0,0,1,375000.0,7
Hyundai,grand i10,77960.0,0,0,394000.0,7
Hyundai,grand i10,90650.0,0,0,378000.0,9
Hyundai,i20,17650.0,0,1,880000.0000000001,3
Hyundai,elite i20,74000.0,1,0,522000.0,7
Hyundai,i10,86410.0,0,0,238000.0,12
Hyundai,grand i10,140000.0,1,0,259000.0,10
Hyundai,grand i10,64739.99999999999,0,0,480000.0,8
Hyundai,grand i10,25060.0,0,0,491000.0,6
Hyundai,grand i10,91900.0,0,0,415000.00000000006,8
Hyundai,elite i20,120000.0,1,0,468000.0,11
Hyundai,elite i20,92750.0,1,0,566000.0,8
Hyundai,i20,25000.0,0,1,919999.9999999999,3
Hyundai,i10,110000.00000000001,0,0,240000.0,12
Hyundai,grand i10,99120.0,0,0,290000.0,12
Hyundai,i10,56150.0,0,0,241000.0,13
Hyundai,grand i10,90310.0,0,0,322000.0,11
Hyundai,i20 active,150000.0,0,0,300000.0,11
Hyundai,grand i10,35060.0,0,0,570000.0,3
Hyundai,grand i10,84020.0,0,1,471000.0,7
Hyundai,i10,34960.0,0,0,119000.0,14
Hyundai,elite i20,100000.0,0,0,419000.00000000006,9
Hyundai,grand i10,78240.0,0,1,499000.0,6
Hyundai,grand i10,97920.0,0,0,359000.0,11
Hyundai,i20,74400.0,0,0,538000.0,5
Hyundai,grand i10,120000.0,1,0,277000.0,12
Hyundai,i20,180000.0,1,0,250000.0,13
Hyundai,i20,80900.0,0,0,220000.00000000003,14
Hyundai,i10,91320.0,0,0,191000.0,14
Hyundai,i10,74580.0,0,0,110000.00000000001,15
Hyundai,eon,73800.0,0,0,184000.0,14
Hyundai,i10,85190.0,0,0,188000.0,15
Hyundai,i10,94410.0,0,0,165000.0,16
Hyundai,santro xing,86280.0,0,0,137000.0,15
Hyundai,i10,94030.0,0,0,159000.0,15
Hyundai,i20,120000.0,0,0,220000.00000000003,13
Hyundai,i10,75090.0,0,0,245000.00000000003,11
Hyundai,grand i10,36530.0,0,0,310000.0,11
Hyundai,eon,92260.0,0,0,114999.99999999999,15
Hyundai,i20,70270.0,0,0,308000.0,12
Hyundai,santro xing,120000.0,0,0,163000.0,14
Hyundai,elite i20,76830.0,1,0,462000.0,11
Hyundai,grand i10,25770.0,0,1,555000.0,5
Hyundai,i20,60060.0,1,0,661000.0,4
Hyundai,i10,54850.0,0,0,137000.0,16
Hyundai,venue,6870.0,0,0,1003999.9999999999,2
Hyundai,i20,150000.0,1,0,250999.99999999997,12
Hyundai,santro,68550.0,0,0,350000.0,6
Hyundai,i10,78440.0,0,0,165000.0,16
Hyundai,grand i10,59860.0,0,0,554000.0,4
Hyundai,grand i10,44650.0,0,0,450000.0,7
Hyundai,i20,75520.0,0,0,211000.0,14
Hyundai,i20,30960.0,0,0,258000.0,14
Hyundai,i20,170000.0,0,0,180000.0,15
Hyundai,i10,97030.0,0,0,171000.0,15
Hyundai,i20,130000.0,0,0,308000.0,12
Hyundai,i20,160000.0,0,0,513000.0,5
Hyundai,i10,99410.0,0,0,164000.0,14
Hyundai,creta,73490.0,1,0,1373000.0,5
Hyundai,eon,74970.0,0,0,250000.0,9
Hyundai,i10,76420.0,0,0,165000.0,15
Hyundai,elite i20,81820.0,1,0,516000.0,9
Hyundai,i10,96670.0,0,1,186000.0,14
Hyundai,i20,120000.0,1,0,248000.0,14
Hyundai,i10,68760.0,0,0,208000.0,15
Hyundai,elite i20,140000.0,0,0,400000.0,8
Hyundai,i10,54970.0,0,0,216000.0,13
Hyundai,i20,95250.0,0,0,202999.99999999997,16
Hyundai,i20,24590.0,0,0,700000.0,2
Hyundai,i20,160000.0,1,0,179000.0,15
Hyundai,i10,140000.0,0,0,187000.0,14
Hyundai,elite i20,90310.0,1,0,360000.0,8
Hyundai,santro xing,38430.0,0,0,132000.0,15
Hyundai,i20,150000.0,1,0,164000.0,14
Hyundai,elite i20,59980.0,0,0,405000.0,11
Hyundai,i20,63310.0,0,0,194000.0,13
Hyundai,i10,86560.0,0,0,250000.0,12
Hyundai,i10,36660.0,0,0,310000.0,12
Hyundai,i10,120000.0,0,0,126000.0,16
Hyundai,elite i20,47950.0,0,0,476000.0,10
Hyundai,grand i10,31270.0,0,1,469000.00000000006,6
Hyundai,i10,1420000.0,0,0,135000.0,15
Hyundai,eon,61960.0,0,0,128000.0,11
Hyundai,eon,56120.0,0,0,89000.0,14
Hyundai,santro,160000.0,0,1,390000.0,6
Hyundai,i20,80330.0,1,0,344000.0,13
Hyundai,elite i20,120000.0,1,0,467000.0,11
Hyundai,grand i10,77720.0,0,0,345000.0,10
Hyundai,creta,110000.00000000001,1,0,778000.0,9
Hyundai,i20,200000.0,1,0,308000.0,12
Hyundai,i10,100000.0,0,0,197000.0,14
Hyundai,eon,27340.0,0,0,285000.0,8
Hyundai,i10,91390.0,0,0,219000.0,13
Hyundai,grand i10,150000.0,1,0,295000.0,10
Hyundai,i20,78890.0,1,0,180000.0,16
Hyundai,i20,260000.0,1,0,217000.0,13
Hyundai,i10,99460.0,0,1,191000.0,15
Hyundai,i20,44820.0,0,1,910000.0,3
Hyundai,grand i10,44400.0,0,0,348000.0,12
Hyundai,santro xing,110000.00000000001,0,0,137000.0,15
Hyundai,santro,34780.0,0,0,321000.0,7
Hyundai,i20 active,65990.0,0,0,500000.0,9
Hyundai,i10,76410.0,0,0,193000.0,14
Hyundai,aura,40220.0,0,0,790000.0,2
Hyundai,i10,110000.00000000001,0,0,137000.0,16
Hyundai,grand i10,60570.0,0,0,310000.0,12
Hyundai,creta,20440.0,0,1,1400000.0,3
Hyundai,grand i10,140000.0,0,0,332000.0,11
Hyundai,i10,110000.00000000001,0,0,168000.0,15
Hyundai,i20,50820.0,0,0,219000.0,15
Hyundai,i20,140000.0,1,0,328000.0,12
Hyundai,eon,71160.0,0,0,125000.0,14
Hyundai,i10,22260.0,0,0,193000.0,14
Hyundai,i10,61020.0,0,0,202000.0,15
Hyundai,santro,20410.0,0,1,430000.0,6
Hyundai,i20,28340.0,0,1,867000.0,4
Hyundai,aura,62780.0,0,0,528000.0,6
Hyundai,santro,58560.0,0,0,500000.0,4
Hyundai,verna,61600.0,0,0,1033000.0,3
Hyundai,i20,130000.0,1,0,125000.0,14
Hyundai,creta,190000.0,1,0,408000.0,11
Hyundai,i20,100000.0,1,0,217000.0,14
Hyundai,i20,65550.0,0,0,150000.0,16
Hyundai,verna,91760.0,0,0,236000.0,14
Hyundai,santro xing,49040.0,0,0,143000.0,15
Hyundai,xcent,78740.0,0,0,266000.0,11
Hyundai,verna,63910.0,1,0,917000.0,5
Hyundai,eon,86100.0,0,0,259000.0,10
Hyundai,i10,35580.0,0,0,175000.0,15
Hyundai,verna,100000.0,0,0,181000.0,15
Hyundai,i20 active,80030.0,0,0,381000.0,10
Hyundai,verna,130000.0,1,0,802999.9999999999,8
Hyundai,eon,42940.0,0,0,242000.0,12
Hyundai,verna,70650.0,0,0,170000.0,16
Hyundai,aura,48710.0,0,1,507000.0,5
Hyundai,grand i10,120000.0,0,0,276000.0,11
Hyundai,grand i10,53450.0,0,0,415000.00000000006,10
Hyundai,i20,170000.0,1,0,204999.99999999997,14
Hyundai,xcent,130000.0,0,0,303000.0,12
Hyundai,i20,37330.0,0,0,223000.0,16
Hyundai,xcent,45420.0,0,0,313000.0,12
Hyundai,i20,190000.0,0,0,200000.0,14
Hyundai,i10,33340.0,0,1,266000.0,14
Hyundai,i10,61890.0,0,0,180000.0,14
Hyundai,i10,87900.0,0,0,227000.0,14
Hyundai,i10,26070.0,0,1,220000.00000000003,15
Hyundai,elite i20,72500.0,0,0,418000.0,11
Hyundai,grand i10,63910.0,0,1,480000.0,9
Hyundai,i10,33370.0,0,0,151000.0,15
Hyundai,aura,36530.0,0,0,609000.0,5
Hyundai,i20,110000.00000000001,0,0,151000.0,15
Hyundai,creta,32189.999999999996,1,1,1868000.0,2
Hyundai,i10,150000.0,0,0,161000.0,15
Hyundai,venue,27520.0,0,0,704000.0,5
Hyundai,venue,120000.0,0,1,654000.0,7
Hyundai,i10,56800.0,0,0,194000.0,13
Hyundai,creta,23420.0,1,0,1203000.0,5
Hyundai,xcent,130000.0,0,0,295000.0,11
Hyundai,creta,52420.0,0,0,732000.0,10
Hyundai,verna,180000.0,0,0,340000.0,10
Hyundai,venue,140000.0,1,0,550000.0,7
Hyundai,venue,40760.0,1,0,704000.0,4
Hyundai,verna,130000.0,1,0,254999.99999999997,13
Hyundai,grand i10,31630.0,0,0,409000.0,3
Hyundai,i20,18400.0,0,0,700000.0,4
Hyundai,eon,37390.0,0,0,171000.0,13
Hyundai,venue,42990.0,0,0,874000.0,3
Hyundai,eon,94380.0,0,0,145000.0,12
Hyundai,creta,18390.0,0,0,1303000.0,3
Hyundai,i10,64800.0,0,0,288000.0,11
Hyundai,i10,60690.0,0,0,224000.00000000003,14
Hyundai,aura,72000.0,0,0,538000.0,6
Hyundai,grand i10,130000.0,0,0,394000.0,8
Hyundai,i10,79160.0,0,0,120000.0,16
Hyundai,xcent,89710.0,0,1,256999.99999999997,12
Hyundai,i20,73850.0,0,0,274000.0,13
Hyundai,santro,47110.0,0,0,505999.99999999994,4
Hyundai,verna,60980.0,0,0,341000.0,12
Hyundai,grand i10,71830.0,0,0,350000.0,8
Hyundai,xcent,110000.00000000001,0,0,260000.0,11
Hyundai,elite i20,26170.0,0,1,550000.0,7
Hyundai,aura,86550.0,0,0,550000.0,5
Hyundai,creta,58570.0,0,0,700000.0,10
Hyundai,aura,120000.0,0,0,533000.0,5
Hyundai,grand i10,36920.0,0,0,351000.0,11
Hyundai,xcent,55060.0,0,0,350000.0,9
Hyundai,grand i10,39200.0,0,0,308000.0,10
Hyundai,i20,53460.0,0,0,317000.0,13
Hyundai,creta,99670.0,0,1,900000.0,7
Hyundai,i10,44200.0,0,1,161000.0,16
Hyundai,grand i10,77070.0,0,0,454000.0,7
Hyundai,venue,68610.0,1,0,833000.0,5
Hyundai,verna,69960.0,0,0,279000.0,15
Hyundai,i10,190000.0,0,0,132000.0,15
Hyundai,i20,97100.0,0,0,181000.0,15
Hyundai,grand i10,75250.0,0,0,554000.0,5
Hyundai,verna,110000.00000000001,1,0,332000.0,13
Hyundai,grand i10,2370.0,0,0,710000.0,3
Hyundai,grand i10,69360.0,0,0,562000.0,6
Hyundai,creta,99870.0,0,0,688000.0,8
Hyundai,grand i10,66500.0,0,0,459999.99999999994,7
Hyundai,grand i10,20060.0,0,0,550000.0,4
Hyundai,i10,42520.0,0,0,138000.0,15
Hyundai,i20 active,78600.0,0,0,384000.0,11
Hyundai,grand i10,91030.0,0,0,325000.0,11
Hyundai,grand i10,89720.0,0,1,400000.0,10
Hyundai,i10,55440.0,0,0,135000.0,15
Hyundai,santro xing,160000.0,0,0,122000.0,14
Hyundai,eon,110000.00000000001,0,0,105000.0,14
Hyundai,santro,150000.0,0,0,300000.0,8
Hyundai,i20,81020.0,0,0,197000.0,15
Hyundai,elite i20,46480.0,0,0,444000.00000000006,9
Hyundai,santro xing,28590.0,0,0,124000.0,16
Hyundai,i20,77540.0,0,0,185000.0,16
Hyundai,venue,51140.0,0,0,669000.0,4
Hyundai,verna,57640.0,0,0,254999.99999999997,13
Hyundai,i20,160000.0,1,0,236000.0,13
Hyundai,elite i20,86960.0,0,0,372000.0,11
Hyundai,i10,100000.0,0,0,170000.0,13
Hyundai,elite i20,50110.0,0,1,500000.0,8
Hyundai,xcent,190000.0,1,0,259000.0,12
Hyundai,grand i10,54400.0,0,1,348000.0,12
Hyundai,i10,60590.0,0,0,121000.0,15
Hyundai,grand i10,97890.0,1,0,259000.0,13
Hyundai,i10,41580.0,0,0,150000.0,15
Hyundai,grand i10,97020.0,0,0,266000.0,12
Hyundai,eon,65530.0,0,0,261000.0,8
Hyundai,creta,66330.0,1,0,1033000.0,5
Hyundai,grand i10,84660.0,0,0,315000.0,11
Hyundai,i10,68070.0,0,1,159000.0,16
Hyundai,eon,130000.0,0,0,188000.0,13
Hyundai,eon,120000.0,0,0,158000.0,13
Hyundai,aura,43230.0,0,0,700000.0,4
Hyundai,elite i20,34860.0,0,0,459000.0,9
Hyundai,grand i10,44540.0,0,0,336000.0,10
Hyundai,creta,76250.0,0,0,766000.0,10
Hyundai,grand i10,120000.0,0,0,342000.0,11
Hyundai,creta,3210.0,1,1,2000000.0,1
Hyundai,grand i10,34730.0,0,0,413000.0,9
Hyundai,grand i10,45420.0,0,0,358000.0,11
Hyundai,grand i10,84360.0,0,0,281000.0,12
Hyundai,xcent,81890.0,0,0,273000.0,12
Hyundai,elite i20,120000.0,0,0,513999.99999999994,8
Hyundai,creta,334.0,0,0,1316000.0,4
Hyundai,grand i10,46920.0,0,0,330000.0,11
Hyundai,xcent,110000.00000000001,0,0,246000.0,12
Hyundai,creta,90270.0,1,0,811000.0,8
Hyundai,santro,11160.0,0,0,426000.0,5
Hyundai,i10,63450.0,0,0,188000.0,13
Hyundai,grand i10,71620.0,0,0,401000.0,7
Hyundai,i10,100000.0,0,1,188000.0,13
Hyundai,venue,38400.0,0,0,700000.0,4
Hyundai,venue,27090.0,0,1,680000.0,7
Hyundai,verna,87160.0,0,1,521000.0,8
Hyundai,grand i10,110000.00000000001,0,1,328000.0,11
Hyundai,verna,140000.0,1,0,334000.0,13
Hyundai,creta,29430.0,0,0,814000.0,5
Hyundai,creta,70970.0,0,0,603000.0,9
Hyundai,verna,87370.0,1,0,438000.0,12
Hyundai,verna,76330.0,0,0,379000.0,13
Hyundai,grand i10,73520.0,0,1,627000.0,5
Hyundai,grand i10,18860.0,0,0,395000.0,8
Hyundai,i20 active,46830.0,0,0,623000.0,7
Hyundai,i20,18210.0,0,1,968000.0,3
Hyundai,i20,23700.0,0,0,1068000.0,4
Hyundai,i20 active,170000.0,1,0,538000.0,9
Hyundai,i20,32040.0,0,1,969999.9999999999,3
Hyundai,i20,20310.0,0,1,1049000.0,3
Hyundai,exter,45640.0,0,0,850000.0,3
Hyundai,i20,200000.0,1,0,1068000.0,16
Hyundai,i20,130000.0,1,0,142000.0,15
Hyundai,creta,110000.00000000001,0,0,665000.0,10
Hyundai,santro,37080.0,0,0,293000.0,7
Hyundai,creta,110000.00000000001,1,0,782000.0,9
Hyundai,grand i10,36780.0,0,1,369000.0,11
Hyundai,santro xing,75700.0,0,0,342000.0,16
Hyundai,grand i10,63250.0,0,1,334000.0,9
Hyundai,eon,59180.0,0,0,168000.0,12
Hyundai,grand i10,110000.00000000001,0,1,284000.0,12
Hyundai,i20 active,47230.0,0,0,519000.00000000006,8
Hyundai,grand i10,28210.0,0,1,535000.0,6
Hyundai,creta,77590.0,1,0,950000.0,6
Hyundai,i10,50540.0,0,1,279000.0,13
Hyundai,grand i10,84830.0,0,0,296000.0,10
Hyundai,elite i20,65300.0,0,0,447000.0,9
Hyundai,grand i10,66390.0,0,0,345000.0,11
Hyundai,i20,56050.0,0,0,823000.0,4
Hyundai,grand i10,31240.0,0,0,320000.0,11
Hyundai,elite i20,110000.00000000001,0,0,358000.0,11
Hyundai,grand i10,40060.0,0,0,405999.99999999994,8
Hyundai,creta,57170.0,1,0,1230000.0,3
Hyundai,aura,10620.0,0,0,794000.0,3
Hyundai,i10,91580.0,0,0,172000.0,13
Hyundai,elite i20,110000.00000000001,1,0,463000.0,10
Hyundai,i10,17650.0,0,0,196000.0,13
Hyundai,venue,12260.0,0,0,844999.9999999999,2
Hyundai,eon,65110.0,0,0,222000.00000000003,9
Hyundai,xcent,64720.0,0,0,361000.0,10
Hyundai,eon,63290.0,0,0,208000.0,8
Hyundai,grand i10,71730.0,0,0,292000.0,11
Hyundai,i10,53420.0,0,0,165000.0,13
Hyundai,grand i10,24000.0,0,1,695000.0,2
Hyundai,i10,45200.0,0,1,191000.0,14
Hyundai,grand i10,96220.0,0,1,288000.0,12
Hyundai,aura,9390.0,0,0,750000.0,2
Hyundai,i20,30580.0,0,0,231999.99999999997,14
Hyundai,eon,93030.0,0,0,154000.0,13
Hyundai,grand i10,20230.0,0,1,458000.0,7
Hyundai,i20,95180.0,0,0,275000.0,13
Hyundai,eon,68630.0,0,0,260000.0,8
Hyundai,elite i20,36600.0,0,0,465000.00000000006,9
Hyundai,grand i10,110000.00000000001,0,0,297000.0,11
Hyundai,grand i10,45850.0,0,0,293000.0,11
Hyundai,elite i20,37410.0,0,0,463000.0,7
Hyundai,santro,23660.0,0,0,319000.0,7
Hyundai,grand i10,85490.0,0,0,282000.0,11
Hyundai,santro,21070.0,0,1,442000.0,5
Hyundai,grand i10,71250.0,0,1,348000.0,10
Hyundai,eon,32910.0,0,0,178000.0,12
Hyundai,grand i10,77840.0,0,0,282000.0,12
Hyundai,venue,20810.0,0,1,975000.0,3
Hyundai,venue,120000.0,0,0,649000.0,5
Hyundai,i10,120000.0,0,0,194000.0,13
Hyundai,elite i20,94610.0,0,0,455000.0,9
Hyundai,grand i10,33020.0,0,1,513999.99999999994,6
Hyundai,santro,67330.0,0,0,403000.0,7
Hyundai,i10,59960.0,0,0,192000.0,12
Hyundai,creta,17240.0,0,0,745000.0,7
Hyundai,i10,75830.0,0,0,239000.0,12
Hyundai,verna,48400.0,0,0,508000.0,9
Hyundai,verna,31270.0,0,0,450000.0,10
Hyundai,grand i10,18100.0,0,0,359000.0,9
Hyundai,grand i10,71430.0,0,0,341000.0,11
Hyundai,elite i20,37590.0,0,0,473000.00000000006,7
Hyundai,eon,50720.0,0,0,268000.0,9
Hyundai,eon,69950.0,0,0,181000.0,10
Hyundai,grand i10,67310.0,0,0,366000.0,10
Hyundai,i20,79680.0,0,0,222000.00000000003,14
Hyundai,elite i20,67500.0,0,0,418000.0,7
Hyundai,grand i10,16550.0,0,0,480000.0,4
Hyundai,santro,37150.0,0,1,341000.0,6
Hyundai,elite i20,65780.0,0,0,343000.0,11
Hyundai,grand i10,76810.0,0,0,322000.0,11
Hyundai,grand i10,41180.0,0,0,535000.0,5
Hyundai,elite i20,46280.0,0,0,535000.0,7
Hyundai,i20,18750.0,0,0,773000.0,4
Hyundai,i20 active,89710.0,0,0,419000.00000000006,9
Hyundai,grand i10,73650.0,0,0,334000.0,10
Hyundai,santro,66950.0,0,0,340000.0,7
Hyundai,grand i10,73890.0,0,0,465000.00000000006,6
Hyundai,i20,150000.0,1,0,256000.0,14
Hyundai,eon,120000.0,0,0,172000.0,11
Hyundai,grand i10,98740.0,0,0,475000.0,7
Hyundai,santro,36920.0,0,0,314000.0,7
Hyundai,i20,87680.0,0,0,165000.0,15
Hyundai,i10,65850.0,0,0,223000.0,12
Hyundai,grand i10,92200.0,0,0,305000.0,11
Hyundai,elite i20,79190.0,0,0,423000.00000000006,8
Hyundai,elite i20,67120.0,0,0,463000.0,9
Hyundai,i20,13270.0,0,0,690000.0,3
Hyundai,grand i10,26840.0,0,0,480999.99999999994,6
Hyundai,i20,33930.0,0,1,624000.0,5
Hyundai,grand i10,84780.0,0,0,213000.0,13
Hyundai,eon,84100.0,0,0,190000.0,12
Hyundai,elite i20,23930.0,0,1,513000.0,8
Hyundai,santro xing,53170.0,0,0,119000.0,14
Hyundai,i10,120000.0,0,0,150000.0,13
Hyundai,santro,54530.0,0,0,400000.0,5
Hyundai,grand i10,200000.0,1,0,237000.0,11
Hyundai,elite i20,100000.0,1,0,446000.0,11
Hyundai,grand i10,34020.0,0,0,347000.0,10
Hyundai,i20,31790.0,0,0,760000.0,4
Hyundai,elite i20,54970.0,0,0,501000.0,8
Hyundai,santro xing,66140.0,0,0,86000.0,16
Hyundai,verna,98280.0,1,0,455000.0,12
Hyundai,i20,34760.0,0,0,194000.0,15
Hyundai,grand i10,45650.0,0,0,440000.00000000006,7
Hyundai,grand i10,120000.0,0,0,220000.00000000003,13
Hyundai,grand i10,42220.0,0,0,320000.0,9
Hyundai,i10,59750.0,0,0,165000.0,15
Hyundai,i20,71640.0,0,0,731000.0,3
Hyundai,i10,67400.0,0,0,196000.0,14
Hyundai,grand i10,44610.0,0,0,349000.0,10
Hyundai,grand i10,87950.0,0,0,308000.0,9
Hyundai,i10,63910.0,0,0,140000.0,14
Hyundai,eon,49130.0,0,0,125000.0,13
Hyundai,eon,24280.0,0,0,199000.0,11
Hyundai,grand i10,36620.0,0,0,397000.0,7
Hyundai,i20,37570.0,0,0,202000.0,15
Hyundai,eon,190000.0,0,0,115999.99999999999,13
Hyundai,i20,95580.0,1,0,315000.0,13
Hyundai,grand i10,65910.0,0,0,380000.0,9
Hyundai,elite i20,96290.0,0,0,476000.0,6
Hyundai,eon,140000.0,0,0,115999.99999999999,12
Hyundai,elite i20,50650.0,0,0,517000.0,9
Hyundai,eon,52460.0,0,0,175000.0,13
Hyundai,i20,52500.0,0,1,775000.0,5
Hyundai,elite i20,46390.0,0,0,495000.0,10
Hyundai,eon,98640.0,0,0,160000.0,14
Hyundai,santro,28290.0,0,1,405999.99999999994,5
Hyundai,i10,98080.0,0,0,137000.0,15
Hyundai,santro,43310.0,0,0,384000.0,5
Hyundai,eon,73960.0,0,0,220000.00000000003,9
Hyundai,grand i10,88470.0,1,0,204999.99999999997,13
Hyundai,i10,60080.0,0,0,145000.0,13
Hyundai,elite i20,82600.0,0,0,276000.0,11
Hyundai,santro,41810.0,0,0,328000.0,7
Hyundai,eon,87890.0,0,0,172000.0,10
Hyundai,elite i20,100000.0,0,0,400000.0,10
Hyundai,elite i20,83130.0,1,0,454000.0,9
Hyundai,grand i10,40870.0,0,0,266000.0,12
Hyundai,eon,83790.0,0,0,134000.0,11
Hyundai,elite i20,32920.0,0,0,565000.0,7
Hyundai,i20,44110.0,0,0,276000.0,14
Hyundai,elite i20,41170.0,0,1,608000.0,7
Hyundai,grand i10,95610.0,0,0,332000.0,10
Hyundai,eon,110000.00000000001,0,0,157000.0,9
Hyundai,eon,91110.0,0,0,100000.0,13
Hyundai,i10,64709.99999999999,0,0,133000.0,15
Hyundai,i20 active,51700.0,0,0,526000.0,9
Hyundai,i10,150000.0,0,0,137000.0,13
Hyundai,eon,42270.0,0,0,166000.0,12
Hyundai,elite i20,79880.0,0,0,505999.99999999994,10
Hyundai,elite i20,85430.0,0,0,511000.00000000006,8
Hyundai,santro,48020.0,0,1,401000.0,6
Hyundai,grand i10,70350.0,0,0,350000.0,8
Hyundai,elite i20,140000.0,1,0,302000.0,12
Hyundai,elite i20,110000.00000000001,0,0,416000.0,12
Hyundai,elite i20,110000.00000000001,0,0,476999.99999999994,9
Hyundai,elite i20,31760.0,0,0,448000.00000000006,6
Hyundai,grand i10,91500.0,0,0,298000.0,12
Hyundai,elite i20,41040.0,0,1,563000.0,8
Hyundai,i20,150000.0,1,0,309000.0,12
Hyundai,grand i10,37120.0,0,0,392000.0,11
Hyundai,elite i20,94500.0,0,0,500000.0,6
Hyundai,i10,72930.0,0,0,292000.0,13
Hyundai,grand i10,59370.0,0,0,375000.0,11
Hyundai,elite i20,33900.0,0,0,516000.0,8
Hyundai,elite i20,93200.0,0,0,403000.0,9
Hyundai,elite i20,67170.0,0,0,577000.0,9
Hyundai,i20,22640.0,0,0,819999.9999999999,2
Hyundai,i10,82350.0,0,0,216000.0,11
Hyundai,grand i10,85510.0,0,0,342000.0,10
Hyundai,i20,54110.0,1,0,325000.0,12
Hyundai,eon,15520.0,0,0,254999.99999999997,8
Hyundai,grand i10,17400.0,0,0,458000.0,5
Hyundai,i10,42010.0,0,0,192000.0,13
Hyundai,i20,72870.0,1,0,361000.0,12
Hyundai,grand i10,18990.0,0,0,600000.0,2
Hyundai,i20,43250.0,0,1,720000.0,6
Hyundai,elite i20,110000.00000000001,1,0,505000.0,10
Hyundai,i20 active,18540.0,0,0,555000.0,8
Hyundai,grand i10,37100.0,0,0,525000.0,3
Hyundai,grand i10,40130.0,0,0,403000.0,10
Hyundai,grand i10,58000.0,0,1,343000.0,10
Hyundai,santro,65269.99999999999,0,0,305000.0,7
Hyundai,i10,43250.0,0,0,263000.0,10
Hyundai,elite i20,95770.0,0,0,519000.00000000006,8
Hyundai,i20,38460.0,0,1,1025000.0,3
Hyundai,grand i10,54870.0,0,0,394000.0,10
Hyundai,elite i20,120000.0,0,0,468000.0,8
Hyundai,i20,26760.0,0,0,598000.0,4
Hyundai,grand i10,73830.0,0,0,348000.0,11
Hyundai,i20,89200.0,0,0,552000.0,4
Hyundai,grand i10,76740.0,1,0,345000.0,9
Hyundai,grand i10,75200.0,0,0,345000.0,12
Hyundai,elite i20,72090.0,0,0,560000.0,7
Hyundai,grand i10,40660.0,0,1,428000.0,7
Hyundai,grand i10,94110.0,0,0,341000.0,9
Hyundai,i20 active,91320.0,0,0,484999.99999999994,10
Hyundai,grand i10,53520.0,0,1,511000.00000000006,6
Hyundai,i20 active,89430.0,0,0,440000.00000000006,10
Hyundai,xcent,54590.0,0,0,339000.0,11
Hyundai,i10,18270.0,0,1,192000.0,13
Hyundai,elite i20,49140.0,0,0,598000.0,7
Hyundai,i20,210000.0,1,0,144000.0,15
Hyundai,venue,25000.0,0,0,737000.0,4
Hyundai,eon,66420.0,0,0,170000.0,13
Hyundai,grand i10,49030.0,0,1,463999.99999999994,9
Hyundai,i10,71410.0,0,0,193000.0,13
Hyundai,grand i10,38900.0,0,0,413999.99999999994,6
Hyundai,eon,58100.0,0,0,177000.0,13
Hyundai,i20,33680.0,0,1,810000.0,4
Hyundai,elite i20,130000.0,0,0,343000.0,11
Hyundai,i10,46740.0,0,0,220000.00000000003,13
Hyundai,grand i10,130000.0,1,0,282000.0,11
Hyundai,elite i20,70060.0,0,0,459000.0,10
Hyundai,grand i10,31340.0,0,0,378000.0,8
Hyundai,elite i20,66030.0,0,0,518000.0,7
Hyundai,santro xing,110000.00000000001,0,0,97000.0,13
Hyundai,grand i10,77410.0,0,0,500000.0,3
Hyundai,eon,64060.0,0,0,170000.0,12
Hyundai,grand i10,77530.0,0,0,296000.0,10
Hyundai,i20,67590.0,0,0,218000.00000000003,13
Hyundai,i20,62140.0,0,0,526000.0,6
Hyundai,i10,83370.0,0,0,295000.0,11
Hyundai,elite i20,60740.0,0,0,480999.99999999994,9
Hyundai,grand i10,29640.0,0,1,568000.0,6
Hyundai,elite i20,100000.0,0,0,509999.99999999994,10
Hyundai,elite i20,87260.0,0,0,455999.99999999994,9
Hyundai,grand i10,58830.0,0,0,364000.0,4
Hyundai,grand i10,71300.0,0,0,310000.0,12
Hyundai,grand i10,30970.0,0,1,491000.0,7
Hyundai,eon,68940.0,0,0,204999.99999999997,11
Hyundai,elite i20,33730.0,0,1,462000.0,9
Hyundai,grand i10,86420.0,0,0,380000.0,9
Hyundai,eon,56690.0,0,0,189000.0,11
Hyundai,eon,93620.0,0,0,170000.0,11
Hyundai,grand i10,35410.0,0,1,376000.0,9
Hyundai,grand i10,69980.0,0,1,390000.0,8
Hyundai,i20,130000.0,0,0,315000.0,12
Hyundai,grand i10,28930.0,0,0,372000.0,9
Hyundai,elite i20,92600.0,1,0,412000.0,11
Hyundai,i20,51240.0,0,0,636000.0,3
Hyundai,i20,37240.0,0,0,480000.0,5
Hyundai,eon,47040.0,0,0,215000.0,12
Hyundai,elite i20,61930.0,0,0,509999.99999999994,6
Hyundai,elite i20,35680.0,0,1,566000.0,8
Hyundai,i10,38040.0,0,0,265000.0,13
Hyundai,elite i20,92760.0,0,0,466000.0,12
Hyundai,grand i10,76310.0,0,0,374000.0,7
Hyundai,elite i20,38720.0,0,0,509999.99999999994,6
Hyundai,elite i20,50160.0,0,0,419000.00000000006,7
Hyundai,grand i10,80360.0,0,0,318000.0,9
Hyundai,grand i10,79240.0,0,0,335000.0,11
Hyundai,elite i20,64310.0,0,1,563000.0,7
Hyundai,elite i20,66230.0,0,0,440000.00000000006,7
Hyundai,elite i20,69940.0,0,0,397000.0,8
Hyundai,elite i20,53760.0,0,1,516000.0,8
Hyundai,elite i20,80810.0,0,0,447000.0,9
Hyundai,grand i10,36780.0,0,0,370000.0,7
Hyundai,i20,33430.0,0,1,725000.0,3
Hyundai,elite i20,63440.0,0,0,563000.0,6
Hyundai,elite i20,70910.0,0,0,487000.0,9
Hyundai,i20,51150.0,0,1,729000.0,5
Hyundai,grand i10,100000.0,0,0,356000.0,9
Hyundai,elite i20,62550.0,0,0,434000.0,12
Hyundai,i10,69770.0,0,0,190000.0,13
Hyundai,verna,58780.0,0,0,311000.0,12
Hyundai,elite i20,43040.0,0,0,434999.99999999994,8
Hyundai,elite i20,24460.0,0,0,565000.0,8
Hyundai,elite i20,80190.0,0,0,415000.00000000006,11
Hyundai,grand i10,44160.0,0,0,293000.0,11
Hyundai,elite i20,130000.0,1,0,445000.0,9
Hyundai,elite i20,25670.0,0,0,592000.0,7
Hyundai,elite i20,50510.0,0,0,558000.0,7
Hyundai,exter,110000.00000000001,0,0,476000.0,3
Hyundai,exter,36870.0,0,1,773000.0,3
Hyundai,grand i10,72470.0,0,1,372000.0,7
Hyundai,i10,56960.0,0,0,153000.0,14
Hyundai,i10,68410.0,0,0,214000.0,11
Hyundai,grand i10,50220.0,0,1,425000.0,11
Hyundai,i20,16460.0,0,1,690000.0,3
Hyundai,elite i20,77900.0,0,0,434999.99999999994,11
Hyundai,elite i20,67010.0,0,0,330000.0,12
Hyundai,i10,32800.0,0,0,242000.0,10
Hyundai,grand i10,41130.0,0,0,413999.99999999994,7
Hyundai,grand i10,94180.0,0,0,305000.0,10
Hyundai,i20,140000.0,1,0,254999.99999999997,14
Hyundai,elite i20,87780.0,0,0,381000.0,11
Hyundai,grand i10,17110.0,0,0,455999.99999999994,6
Hyundai,elite i20,38450.0,0,0,444000.00000000006,9
Hyundai,i20,11020.0,0,0,860000.0,3
Hyundai,i20,23610.0,0,1,716000.0,6
Hyundai,i20,33160.0,0,1,715000.0,3
Hyundai,i20,72210.0,0,1,690000.0,4
Hyundai,elite i20,96530.0,1,0,551000.0,8
Hyundai,grand i10,33470.0,0,0,429000.0,6
Hyundai,i10,39470.0,0,1,214000.0,14
Hyundai,i10,150000.0,0,0,122000.0,15
Hyundai,eon,36360.0,0,0,240000.0,8
Hyundai,grand i10,48030.0,0,1,315000.0,12
Hyundai,elite i20,83240.0,0,0,409999.99999999994,7
Hyundai,i20,39600.0,0,0,638000.0,3
Hyundai,elite i20,93600.0,0,0,450000.0,9
Hyundai,grand i10,21270.0,0,0,498000.00000000006,4
Hyundai,grand i10,39170.0,0,0,559000.0,3
Hyundai,santro,33700.0,0,1,364000.0,7
Jeep,compass,60450.0,0,1,853999.9999999999,8
Jeep,compass,43930.0,1,1,2493000.0,4
Jeep,compass,98810.0,1,0,827999.9999999999,8
Jeep,compass,150000.0,1,0,650000.0,9
KIA,seltos,10470.0,1,0,1431000.0,2
KIA,seltos,19000.0,1,1,1730000.0,2
KIA,seltos,82760.0,0,0,959000.0,7
KIA,seltos,40070.0,1,1,1723999.9999999998,3
KIA,sonet,73210.0,1,0,848000.0,4
KIA,seltos,81890.0,1,0,950000.0,5
KIA,carens,4580.0,1,0,1700000.0,2
KIA,seltos,200000.0,1,1,1175000.0,7
KIA,sonet,17890.0,0,0,847000.0000000001,2
KIA,carens,35360.0,0,0,1025000.0,3
KIA,seltos,33670.0,0,0,746000.0,6
KIA,sonet,28540.0,0,0,750000.0,3
KIA,sonet,37070.0,0,0,720000.0,6
KIA,seltos,120000.0,1,0,900000.0,6
KIA,seltos,75370.0,0,1,1159000.0,6
KIA,sonet,40360.0,0,0,657000.0,5
KIA,sonet,62690.0,1,0,950000.0,5
KIA,sonet,79990.0,0,0,737000.0,4
KIA,carens,16059.999999999998,1,1,1700000.0,3
KIA,seltos,43820.0,0,0,832000.0,6
KIA,seltos,45850.0,0,0,917000.0,4
KIA,seltos,39360.0,0,1,1118000.0,7
KIA,carens,31130.0,1,0,1404000.0,4
KIA,seltos,100000.0,1,0,1050000.0,7
KIA,sonet,21460.0,0,0,691000.0,5
KIA,seltos,28680.0,0,1,1235000.0,4
KIA,sonet,27050.0,1,0,1063000.0,4
KIA,seltos,44280.0,0,0,969000.0,5
KIA,sonet,48360.0,1,0,969000.0,5
KIA,carens,45510.0,0,0,969000.0,3
KIA,seltos,75910.0,0,0,969000.0,6
KIA,carens,34610.0,1,1,1567000.0,3
KIA,sonet,22660.0,1,0,888000.0000000001,4
KIA,sonet,50760.0,0,1,1050000.0,5
KIA,seltos,89720.0,1,1,1390000.0,5
KIA,seltos,45770.0,1,1,1410000.0,5
MG,hector,43130.0,0,0,950000.0,6
MG,astor,37770.0,0,1,992000.0,3
MG,hector plus,32119.999999999996,0,1,1019000.0,6
MG,astor,22230.0,0,1,905000.0000000001,4
MG,hector plus,100000.0,1,0,1083000.0,6
MG,hector,12510.0,1,0,1820000.0,2
MG,hector plus,41120.0,1,0,1945000.0,2
MG,astor,16250.0,0,0,758000.0,3
MG,hector,95760.0,0,1,980000.0000000001,5
MG,astor,37040.0,0,1,1247000.0,4
MG,hector,20830.0,0,1,1024000.0,5
MG,hector,85290.0,1,0,1246000.0,5
MG,hector,21010.0,0,1,1080000.0,6
MG,astor,15770.0,0,1,1277000.0,3
MG,hector plus,14470.0,0,1,1750000.0,3
MG,astor,52380.0,0,0,761000.0,4
MG,hector,19530.0,0,1,1238000.0,7
MG,hector,41960.0,0,0,876000.0,6
Mahindra,xuv700,83430.0,0,0,1156000.0,5
Mahindra,xuv500,100000.0,1,0,350000.0,13
Mahindra,xuv700,91370.0,0,1,1571000.0,4
Mahindra,xuv500,99700.0,1,1,839000.0,8
Mahindra,xuv700,78820.0,1,1,1955000.0,4
Mahindra,xuv500,100000.0,1,1,951000.0,9
Mahindra,xuv700,61170.0,1,1,2106000.0,3
Mahindra,xuv500,96270.0,1,0,625000.0,9
Mahindra,thar,14900.0,0,0,1158000.0,4
Mahindra,thar,24590.0,1,0,1088000.0,5
Mahindra,xuv700,55530.0,1,1,1989999.9999999998,4
Mahindra,xuv300,53070.0,1,0,842000.0,5
Mahindra,xuv300,37220.0,1,0,1093000.0,3
Mahindra,xuv500,150000.0,1,0,712000.0,9
Mahindra,xuv300,78280.0,1,0,843000.0,4
Mahindra,xuv700,8630.0,1,1,2224000.0,2
Mahindra,xuv300,94500.0,1,0,800000.0,6
Mahindra,xuv700,82540.0,1,1,1969000.0000000002,4
Mahindra,xuv700,42440.0,0,0,1281000.0,4
Mahindra,thar,26630.0,0,1,950000.0,5
Mahindra,xuv500,100000.0,1,1,823000.0,9
Mahindra,xuv500,110000.00000000001,1,0,590000.0,11
Mahindra,thar,3300.0,1,0,1510000.0,3
Mahindra,xuv500,130000.0,1,0,350000.0,14
Mahindra,thar,60770.0,1,1,1470000.0,3
Mahindra,xuv500,62240.0,1,0,942000.0,7
Maruti,swift dzire,36660.0,0,0,359000.0,13
Maruti,alto 800,7940.0,0,0,198000.0,12
Maruti,vitara brezza,28500.0,0,1,695000.0,6
Maruti,baleno,23660.0,0,0,620000.0,6
Maruti,baleno,36480.0,0,0,700000.0,4
Maruti,baleno,23910.0,0,0,536000.0,6
Maruti,swift,65720.0,0,0,327000.0,12
Maruti,swift,58140.0,1,0,433000.0,12
Maruti,baleno,44380.0,0,0,458000.0,8
Maruti,swift,45140.0,0,1,644000.0,4
Maruti,alto 800,40130.0,0,0,281000.0,8
Maruti,swift,59080.0,0,1,484999.99999999994,8
Maruti,baleno,59450.0,0,0,513999.99999999994,6
Maruti,alto 800,40090.0,0,0,248000.0,9
Maruti,celerio,91910.0,0,1,331000.0,8
Maruti,alto 800,70140.0,0,0,227000.0,13
Maruti,celerio,190000.0,0,0,200000.0,10
Maruti,ritz,49470.0,0,0,162000.0,12
Maruti,swift,80030.0,0,0,404000.0,12
Maruti,ciaz,55560.0,0,1,538000.0,9
Maruti,dzire,120000.0,0,0,581000.0,4
Maruti,wagon-r,68160.0,0,0,495000.0,5
Maruti,baleno,65290.00000000001,0,0,527000.0,7
Maruti,swift,83410.0,0,0,454000.0,7
Maruti,ciaz,62320.0,0,1,528000.0,8
Maruti,alto 800,77270.0,0,0,169000.0,13
Maruti,wagon r,89060.0,0,1,297000.0,9
Maruti,baleno,29220.0,0,0,575000.0,4
Maruti,baleno,92480.0,0,0,408000.0,9
Maruti,alto 800,22950.0,0,0,199000.0,11
Maruti,wagon r,85430.0,0,0,189000.0,14
Maruti,swift,40340.0,0,1,572000.0,5
Maruti,alto k10,70640.0,0,0,183000.0,12
Maruti,celerio x,140000.0,0,1,292000.0,8
Maruti,alto 800,110000.00000000001,0,0,212000.0,10
Maruti,ignis,110000.00000000001,0,0,327000.0,9
Maruti,alto 800,71100.0,0,0,176000.0,12
Maruti,swift,40780.0,0,0,409000.0,9
Maruti,ciaz,60250.0,1,0,561000.0,9
Maruti,alto 800,82140.0,0,0,139000.0,14
Maruti,wagon r,150000.0,0,0,223000.0,10
Maruti,xl6,24890.0,0,1,1141000.0,3
Maruti,baleno,28720.0,0,0,556000.0,5
Maruti,xl6,35180.0,0,0,938000.0000000001,4
Maruti,wagon r,99430.0,0,1,231999.99999999997,10
Maruti,vitara brezza,83560.0,1,1,750000.0,7
Maruti,alto 800,73210.0,0,0,155000.0,12
Maruti,ignis,74310.0,0,1,371000.0,8
Maruti,ignis,57780.0,0,0,301000.0,9
Maruti,vitara brezza,95820.0,0,0,690000.0,5
Maruti,ciaz,50290.0,0,0,688000.0,4
Maruti,celerio,89560.0,0,0,361000.0,7
Maruti,ignis,97690.0,0,1,377000.0,8
Maruti,baleno,53660.0,0,0,693000.0,4
Maruti,ertiga,97970.0,0,0,390000.0,13
Maruti,alto 800,36360.0,0,0,248000.0,9
Maruti,wagon r,66350.0,0,1,258000.0,10
Maruti,swift,110000.00000000001,0,0,290000.0,13
Maruti,celerio,79220.0,0,0,254000.0,12
Maruti,wagon-r,48540.0,0,0,419000.00000000006,5
Maruti,celerio,40080.0,0,1,298000.0,11
Maruti,swift,35570.0,0,0,283000.0,13
Maruti,dzire,33270.0,0,1,584000.0,4
Maruti,alto k10,38610.0,0,0,393000.0,3
Maruti,ciaz,54930.0,0,0,428000.0,9
Maruti,celerio,70580.0,0,0,332000.0,12
Maruti,alto 800,32380.000000000004,0,0,234000.0,8
Maruti,swift,110000.00000000001,0,0,441000.0,7
Maruti,alto k10,63170.0,0,0,169000.0,13
Maruti,ciaz,110000.00000000001,1,0,421000.0,11
Maruti,swift,130000.0,0,0,386000.0,9
Maruti,alto k10,48570.0,0,1,215000.0,10
Maruti,celerio x,49810.0,0,1,415000.00000000006,7
Maruti,wagon r,77960.0,0,0,216000.0,12
Maruti,s presso,40210.0,0,1,325000.0,7
Maruti,vitara brezza,210000.0,1,0,600000.0,9
Maruti,s presso,20900.0,0,1,379000.0,6
Maruti,baleno,47100.0,0,0,490000.00000000006,8
Maruti,alto k10,22450.0,0,1,229999.99999999997,10
Maruti,ciaz,34030.0,0,0,500000.0,10
Maruti,wagon-r,64269.99999999999,0,0,413000.0,4
Maruti,s presso,32650.0,0,1,363000.0,4
Maruti,celerio x,43350.0,0,1,447000.0,6
Maruti,wagon r,27840.0,0,0,336000.0,8
Maruti,baleno,25270.0,0,1,527000.0,8
Maruti,wagon r,51350.0,0,1,299000.0,10
Maruti,ciaz,120000.0,0,0,433000.0,10
Maruti,celerio,36950.0,0,0,428000.0,4
Maruti,celerio,31350.0,0,0,463999.99999999994,4
Maruti,wagon-r,120000.0,0,0,433000.0,7
Maruti,swift,77290.0,0,0,562000.0,4
Maruti,dzire,25960.0,0,0,531000.0,4
Maruti,baleno,35190.0,0,0,495000.0,5
Maruti,wagon r,51630.0,0,0,250000.0,12
Maruti,swift,31370.0,0,1,660000.0,3
Maruti,s presso,23400.0,0,0,344000.0,4
Maruti,swift dzire,45890.0,0,0,320000.0,12
Maruti,swift,49030.0,0,1,529000.0,7
Maruti,celerio,66120.0,0,1,307000.0,9
Maruti,s presso,39450.0,0,1,409999.99999999994,5
Maruti,dzire,52690.0,0,1,522000.0,6
Maruti,baleno,55670.0,0,0,466000.0,8
Maruti,swift,120000.0,0,0,372000.0,10
Maruti,swift,52420.0,0,1,479000.0,7
Maruti,baleno,56520.0,0,0,552000.0,6
Maruti,xl6,19620.0,0,0,949000.0,4
Maruti,celerio,33180.0,0,0,285000.0,11
Maruti,celerio,88160.0,0,1,247000.00000000003,11
Maruti,baleno,58040.0,0,0,621000.0,5
Maruti,dzire,85150.0,0,1,449000.0,9
Maruti,dzire,150000.0,0,0,494000.00000000006,6
Maruti,swift,78010.0,0,0,319000.0,12
Maruti,ciaz,65540.0,0,0,470000.0,9
Maruti,ertiga,94130.0,1,0,680000.0,11
Maruti,ignis,58540.0,0,0,436000.00000000006,5
Maruti,swift dzire,65840.0,0,0,236000.0,14
Maruti,wagon r,57740.0,0,0,387000.0,8
Maruti,wagon-r,36650.0,0,1,475000.0,5
Maruti,a star,44290.0,0,1,213000.0,13
Maruti,wagon r,81210.0,0,0,179000.0,11
Maruti,ciaz,47350.0,0,0,433000.0,9
Maruti,fronx,11810.0,0,1,850000.0,1
Maruti,baleno,78640.0,0,0,368000.0,11
Maruti,swift,60650.0,0,0,185000.0,16
Maruti,swift dzire,93970.0,0,0,161000.0,16
Maruti,baleno,70400.0,0,0,283000.0,10
Maruti,celerio,62570.0,0,0,433000.0,7
Maruti,alto 800,46100.0,0,0,271000.0,9
Maruti,wagon r,88310.0,0,0,336000.0,8
Maruti,alto 800,110000.00000000001,0,0,169000.0,13
Maruti,alto k10,82840.0,0,0,192000.0,11
Maruti,alto k10,300000.0,0,0,117000.0,14
Maruti,dzire,77190.0,0,1,470000.0,9
Maruti,ritz,55550.0,0,0,170000.0,15
Maruti,vitara brezza,110000.00000000001,1,0,589000.0,9
Maruti,swift,46000.0,0,0,170000.0,14
Maruti,wagon r,130000.0,0,0,313000.0,8
Maruti,baleno,83460.0,0,0,593000.0,5
Maruti,wagon r,77120.0,0,0,173000.0,12
Maruti,alto,229999.99999999997,0,0,112999.99999999999,14
Maruti,ertiga,26380.0,0,0,1122000.0,3
Maruti,alto 800,37910.0,0,0,231000.0,11
Maruti,swift,84250.0,0,0,429000.0,6
Maruti,ertiga,29630.0,1,0,594000.0,13
Maruti,alto 800,53010.0,0,0,198000.0,13
Maruti,swift,27390.0,0,0,565000.0,3
Maruti,celerio,24540.0,0,1,355000.0,10
Maruti,celerio,75230.0,0,0,336000.0,12
Maruti,swift,120000.0,0,0,188000.0,15
Maruti,wagon r,11730.0,0,1,354000.0,10
Maruti,wagon r,120000.0,0,0,295000.0,9
Maruti,celerio,130000.0,0,0,309000.0,9
Maruti,baleno,40290.0,0,1,590000.0,6
Maruti,ciaz,37730.0,0,0,451000.0,9
Maruti,celerio,96740.0,0,1,308000.0,9
Maruti,swift,82920.0,1,0,248000.0,12
Maruti,swift,130000.0,0,0,229999.99999999997,12
Maruti,alto 800,55360.0,0,0,238000.0,9
Maruti,wagon r,120000.0,0,0,61000.0,16
Maruti,eeco,51550.0,0,0,579000.0,4
Maruti,zen estilo,77620.0,0,0,133000.0,15
Maruti,wagon r,95160.0,0,0,215000.0,13
Maruti,wagon r,150000.0,0,0,175000.0,12
Maruti,wagon r,68520.0,0,0,357000.0,9
Maruti,wagon r,91200.0,0,0,225000.0,12
Maruti,ciaz,81190.0,1,0,634000.0,8
Maruti,wagon r,93950.0,0,0,260000.0,11
Maruti,wagon r,150000.0,0,0,350000.0,8
Maruti,wagon-r,54200.0,0,0,417000.0,5
Maruti,wagon r,54910.0,0,0,328000.0,9
Maruti,a star,95890.0,0,0,100000.0,15
Maruti,ciaz,200000.0,0,0,309000.0,11
Maruti,swift,110000.00000000001,0,0,415000.00000000006,11
Maruti,dzire,79700.0,0,1,374000.0,9
Maruti,celerio,140000.0,0,0,317000.0,9
Maruti,ignis,51700.0,0,1,350000.0,8
Maruti,alto 800,75710.0,0,0,159000.0,14
Maruti,swift,130000.0,1,0,607000.0,7
Maruti,s presso,75320.0,0,0,355000.0,5
Maruti,swift dzire,59680.0,0,0,433000.0,9
Maruti,wagon r,56730.0,0,1,276000.0,9
Maruti,ciaz,65830.0,0,0,442000.0,10
Maruti,wagon r,60870.0,0,0,290000.0,9
Maruti,ciaz,120000.0,1,0,525000.0,8
Maruti,ertiga,110000.00000000001,0,0,617000.0,9
Maruti,swift dzire,65500.0,0,0,368000.0,9
Maruti,ciaz,91640.0,0,1,499000.0,8
Maruti,swift dzire,120000.0,0,0,310000.0,11
Maruti,wagon r,44450.0,0,0,235000.0,12
Maruti,baleno,67630.0,0,0,459999.99999999994,7
Maruti,s presso,74340.0,0,0,309000.0,7
Maruti,swift,42310.0,0,0,729000.0,3
Maruti,eeco,84510.0,0,0,237000.0,14
Maruti,dzire,3630.0,0,0,764000.0,1
Maruti,swift,35960.0,0,0,593000.0,3
Maruti,ertiga,170000.0,0,0,434999.99999999994,12
Maruti,wagon-r,170000.0,0,0,350000.0,5
Maruti,baleno,56150.0,0,0,488999.99999999994,9
Maruti,eeco,48450.0,0,0,600000.0,3
Maruti,swift,98790.0,0,1,459999.99999999994,8
Maruti,ertiga,200000.0,1,0,600000.0,11
Maruti,alto k10,110000.00000000001,0,0,122000.0,15
Maruti,xl6,29810.0,0,0,896000.0000000001,4
Maruti,vitara brezza,14120.0,0,0,682000.0,5
Maruti,ertiga,66080.0,0,0,998000.0,3
Maruti,zen estilo,100000.0,0,0,109000.00000000001,15
Maruti,swift,27720.0,0,0,686000.0,4
Maruti,alto 800,55760.0,0,0,178000.0,10
Maruti,wagon r,59590.0,0,0,318000.0,8
Maruti,ciaz,250000.0,1,0,392000.0,10
Maruti,baleno,30390.0,0,1,412000.0,10
Maruti,a star,110000.00000000001,0,0,128000.0,15
Maruti,swift dzire,220000.00000000003,0,0,152000.0,15
Maruti,baleno,46920.0,0,0,397000.0,6
Maruti,baleno,110000.00000000001,0,0,360000.0,9
Maruti,celerio,41740.0,0,1,378000.0,5
Maruti,ertiga,86480.0,0,0,740000.0,9
Maruti,baleno,120000.0,0,1,445000.0,9
Maruti,swift dzire,120000.0,1,0,434000.0,12
Maruti,celerio,44080.0,0,0,377000.0,7
Maruti,swift,110000.00000000001,0,0,170000.0,15
Maruti,alto 800,86580.0,0,0,139000.0,13
Maruti,celerio,110000.00000000001,0,0,260000.0,11
Maruti,s presso,886.0,0,0,450000.0,3
Maruti,swift,63570.0,0,0,317000.0,9
Maruti,swift,110000.00000000001,1,0,200000.0,16
Maruti,celerio,22100.0,0,1,340000.0,8
Maruti,wagon r,48110.0,0,1,335000.0,8
Maruti,celerio,76360.0,0,0,364000.0,8
Maruti,wagon r,93970.0,0,0,300000.0,9
Maruti,swift,42470.0,0,0,511000.00000000006,5
Maruti,ertiga,87390.0,0,1,795000.0,7
Maruti,ertiga,120000.0,1,0,815000.0,7
Maruti,celerio,68760.0,0,1,425000.0,5
Maruti,wagon r,60570.0,0,0,170000.0,15
Maruti,ignis,160000.0,0,1,384000.0,9
Maruti,ignis,84140.0,0,1,420000.0,7
Maruti,swift dzire,82250.0,1,0,405000.0,13
Maruti,baleno,78740.0,0,0,443000.0,8
Maruti,wagon r,78300.0,0,0,174000.0,14
Maruti,wagon r,94690.0,0,1,349000.0,9
Maruti,swift dzire,210000.0,1,0,446000.0,13
Maruti,celerio,69120.0,0,1,379000.0,8
Maruti,swift,65319.99999999999,0,0,240000.0,14
Maruti,baleno,91860.0,0,0,430000.0,6
Maruti,baleno,21880.0,0,0,773000.0,2
Maruti,ritz,48100.0,0,0,200000.0,14
Maruti,xl6,110000.00000000001,0,0,922000.0000000001,3
Maruti,alto 800,120000.0,0,0,219000.0,13
Maruti,baleno,78020.0,1,0,525000.0,9
Maruti,wagon r,110000.00000000001,0,0,170000.0,13
Maruti,ignis,44940.0,0,0,300000.0,9
Maruti,alto k10,50770.0,0,1,261000.0,12
Maruti,baleno,33390.0,0,0,655000.0,4
Maruti,s presso,57150.0,0,0,254000.0,7
Maruti,wagon r,120000.0,0,0,215000.0,13
Maruti,ciaz,120000.0,1,0,445000.0,10
Maruti,swift dzire,80390.0,0,0,217000.0,15
Maruti,wagon r,110000.00000000001,0,0,164000.0,12
Maruti,baleno,36540.0,0,0,670000.0,3
Maruti,alto 800,84180.0,0,0,194000.0,10
Maruti,ignis,7880.0,0,0,500000.0,3
Maruti,alto k10,11380.0,0,0,450000.0,2
Maruti,wagon r,180000.0,0,0,370000.0,6
Maruti,swift dzire,95040.0,0,0,262000.0,13
Maruti,wagon r,76360.0,0,0,263000.0,12
Maruti,ignis,43010.0,0,1,377000.0,8
Maruti,swift,64629.99999999999,0,0,702000.0,3
Maruti,alto 800,46950.0,0,0,259000.0,11
Maruti,baleno,75640.0,0,0,415000.00000000006,8
Maruti,alto 800,15360.0,0,0,225000.0,10
Maruti,alto 800,72980.0,0,0,170000.0,10
Maruti,ciaz,77440.0,0,0,459000.0,9
Maruti,wagon-r,44220.0,0,1,421000.0,7
Maruti,wagon-r,31470.0,0,1,425000.0,7
Maruti,baleno,27670.0,0,0,432000.0,8
Maruti,ignis,32619.999999999996,0,1,474000.0,5
Maruti,wagon r,120000.0,0,0,350000.0,8
Maruti,xl6,66440.0,0,0,856000.0,5
Maruti,swift,83010.0,1,0,384000.0,13
Maruti,swift,150000.0,1,0,443000.0,11
Maruti,celerio,53880.0,0,1,300000.0,12
Maruti,celerio x,63630.0,0,1,346000.0,8
Maruti,ignis,33410.0,0,0,459999.99999999994,4
Maruti,celerio,62420.0,0,1,338000.0,10
Maruti,wagon r,130000.0,0,0,180000.0,11
Maruti,celerio,67300.0,0,0,389000.0,7
Maruti,ciaz,33200.0,0,1,413999.99999999994,12
Maruti,dzire,68420.0,0,0,518000.0,8
Maruti,celerio,130000.0,0,0,438999.99999999994,6
Maruti,celerio,86200.0,0,0,371000.0,8
Maruti,celerio,52030.0,0,0,278000.0,9
Maruti,alto k10,7740.0,0,0,430000.0,1
Maruti,swift,130000.0,0,0,224000.00000000003,12
Maruti,baleno,43720.0,0,0,421000.0,10
Maruti,alto 800,94750.0,0,0,150000.0,13
Maruti,xl6,16079.999999999998,0,0,1151000.0,2
Maruti,wagon r,110000.00000000001,0,0,345000.0,10
Maruti,wagon r,64500.0,0,0,210000.0,14
Maruti,wagon r,130000.0,0,0,222000.00000000003,13
Maruti,wagon r,35980.0,0,0,218000.00000000003,13
Maruti,baleno,84410.0,0,0,526000.0,5
Maruti,ertiga,120000.0,0,0,459999.99999999994,13
Maruti,wagon r,100000.0,0,0,351000.0,9
Maruti,swift,44460.0,0,0,650000.0,2
Maruti,swift,180000.0,1,0,315000.0,11
Maruti,wagon r,52050.0,0,0,160000.0,16
Maruti,baleno,96640.0,0,0,310000.0,10
Maruti,ritz,95000.0,0,0,211000.0,10
Maruti,wagon r,73410.0,0,1,311000.0,10
Maruti,alto k10,73940.0,0,0,130000.0,14
Maruti,baleno,75330.0,0,0,478000.0,5
Maruti,wagon r,91740.0,0,0,240000.0,12
Maruti,wagon r,34590.0,0,0,288000.0,12
Maruti,ignis,16100.000000000002,0,1,450000.0,9
Maruti,alto k10,98850.0,0,0,140000.0,15
Maruti,ertiga,160000.0,0,0,504000.0,11
Maruti,baleno,54710.0,0,0,340000.0,8
Maruti,baleno,67710.0,0,0,507000.0,6
Maruti,wagon r,47480.0,0,0,125000.0,16
Maruti,alto 800,36350.0,0,0,259000.0,9
Maruti,wagon r,100000.0,0,0,180000.0,13
Maruti,ritz,67510.0,1,0,120000.0,15
Maruti,celerio,84540.0,0,0,300000.0,10
Maruti,alto 800,68460.0,0,0,221000.0,10
Maruti,wagon r,55680.0,0,0,323000.0,8
Maruti,swift,17670.0,0,0,699000.0,2
Maruti,wagon r,17500.0,0,0,356000.0,11
Maruti,wagon-r,50300.0,0,0,474000.0,7
Maruti,baleno,13680.0,0,0,780000.0,3
Maruti,ertiga,46540.0,1,0,283000.0,14
Maruti,baleno,45510.0,0,0,418000.0,9
Maruti,wagon r,27800.0,0,1,331000.0,9
Maruti,wagon r,17210.0,0,1,300000.0,10
Maruti,s presso,31240.0,0,0,309000.0,6
Maruti,swift,110000.00000000001,0,0,80000.0,16
Maruti,wagon r,73870.0,0,0,158000.0,15
Maruti,zen estilo,100000.0,0,0,147000.0,15
Maruti,wagon r,85320.0,0,0,256000.0,12
Maruti,alto k10,2950.0,0,0,441000.0,3
Maruti,wagon r,110000.00000000001,0,0,169000.0,14
Maruti,swift,100000.0,0,0,423000.00000000006,6
Maruti,swift,83380.0,0,0,436000.00000000006,8
Maruti,eeco,130000.0,0,0,220000.00000000003,14
Maruti,alto k10,81340.0,0,1,263000.0,11
Maruti,wagon r,140000.0,0,0,269000.0,12
Maruti,zen estilo,110000.00000000001,0,0,200000.0,13
Maruti,eeco,110000.00000000001,0,0,211000.0,14
Maruti,celerio,46530.0,0,1,400000.0,7
Maruti,ciaz,66460.0,0,0,350000.0,11
Maruti,baleno,110000.00000000001,1,0,329000.0,11
Maruti,fronx,13430.0,0,1,841000.0,2
Maruti,vitara brezza,140000.0,1,0,491000.0,10
Maruti,eeco,77460.0,0,0,495000.0,7
Maruti,baleno,70260.0,0,0,415000.00000000006,8
Maruti,baleno,110000.00000000001,0,0,377000.0,10
Maruti,vitara brezza,160000.0,1,0,649000.0,8
Maruti,baleno,13140.0,0,0,482000.0,8
Maruti,baleno,16870.0,0,0,598000.0,2
Maruti,swift,37150.0,0,1,524000.0,7
Maruti,swift,4120.0,0,0,741000.0,2
Maruti,baleno,78110.0,0,0,426000.0,11
Maruti,baleno,42390.0,0,1,433000.0,10
Maruti,wagon r,26170.0,0,0,220000.00000000003,13
Maruti,wagon r,73480.0,0,0,300000.0,11
Maruti,ignis,61710.0,0,0,317000.0,8
Maruti,ignis,100000.0,0,0,408000.0,9
Maruti,swift dzire,150000.0,0,0,270000.0,12
Maruti,ritz,130000.0,0,0,202000.0,15
Maruti,wagon r,90420.0,0,0,150000.0,16
Maruti,alto 800,43040.0,0,0,248000.0,8
Maruti,celerio,57290.0,0,1,330000.0,10
Maruti,wagon r,93280.0,0,0,227000.0,12
Maruti,swift,69780.0,0,1,523000.00000000006,7
Maruti,ertiga,64920.0,0,0,1130000.0,3
Maruti,swift,99440.0,0,0,526000.0,5
Maruti,swift,83740.0,1,0,399000.0,11
Maruti,s presso,20030.0,0,1,407000.0,6
Maruti,swift,47510.0,0,1,445000.0,8
Maruti,celerio,83950.0,0,1,350000.0,9
Maruti,baleno,39560.0,0,0,490000.00000000006,8
Maruti,swift,97960.0,1,0,512000.0,7
Maruti,wagon r,28730.0,0,0,250000.0,12
Maruti,baleno,62780.0,0,0,530000.0,6
Maruti,wagon-r,86500.0,0,1,450000.0,6
Maruti,celerio,81070.0,0,1,275000.0,10
Maruti,swift,100000.0,0,0,340000.0,12
Maruti,wagon r,87200.0,0,0,314000.0,9
Maruti,alto,4860.0,0,0,430999.99999999994,1
Maruti,baleno,120000.0,0,0,350000.0,9
Maruti,ignis,34490.0,1,1,450000.0,9
Maruti,swift,220000.00000000003,1,0,144000.0,16
Maruti,swift,170000.0,1,0,555000.0,8
Maruti,alto k10,120000.0,0,0,173000.0,11
Maruti,alto 800,51290.0,0,0,150000.0,10
Maruti,celerio,140000.0,0,1,258000.0,11
Maruti,swift,130000.0,1,0,440000.00000000006,9
Maruti,celerio,80670.0,0,0,296000.0,10
Maruti,wagon r,130000.0,0,0,129000.0,16
Maruti,ritz,90700.0,1,0,172000.0,10
Maruti,baleno,33910.0,0,0,594000.0,4
Maruti,swift,81660.0,1,0,265000.0,14
Maruti,s presso,98850.0,0,0,260000.0,7
Maruti,alto 800,37620.0,0,0,161000.0,11
Maruti,ertiga,140000.0,0,0,855000.0000000001,6
Maruti,swift,130000.0,1,0,200000.0,13
Maruti,celerio,140000.0,0,0,200999.99999999997,10
Maruti,alto k10,110000.00000000001,0,0,133000.0,15
Maruti,alto,47570.0,0,0,162000.0,14
Maruti,alto k10,64030.0,0,1,287000.0,8
Maruti,alto k10,55870.0,0,0,128000.0,14
Maruti,alto k10,92590.0,0,1,250000.0,9
Maruti,alto k10,140000.0,0,0,117000.0,16
Maruti,swift,70770.0,0,0,541000.0,5
Maruti,swift,120000.0,0,0,386000.0,6
Maruti,alto 800,69640.0,0,0,161000.0,9
Maruti,swift,100000.0,0,0,265000.0,11
Maruti,baleno,110000.00000000001,1,0,499000.0,7
Maruti,celerio,150000.0,0,1,326000.0,10
Maruti,alto k10,89260.0,0,0,156000.0,11
Maruti,ritz,120000.0,1,0,121000.0,16
Maruti,swift,61460.0,0,0,252000.0,15
Maruti,ertiga,85990.0,0,0,914000.0,6
Maruti,celerio x,61070.0,0,1,394000.0,8
Maruti,alto k10,3690.0,0,0,391000.0,2
Maruti,alto k10,84200.0,0,0,144000.0,11
Maruti,ignis,97580.0,0,0,393000.0,8
Maruti,celerio,96860.0,0,0,241000.0,7
Maruti,alto 800,93720.0,0,0,131000.0,12
Maruti,baleno,76730.0,0,0,436000.00000000006,9
Maruti,baleno,91850.0,0,0,540000.0,5
Maruti,alto 800,29290.0,0,0,199000.0,12
Maruti,celerio,90410.0,0,1,299000.0,11
Maruti,swift,43880.0,0,0,523000.00000000006,5
Maruti,baleno,56170.0,0,1,537000.0,8
Maruti,wagon r,32110.0,0,0,245000.00000000003,14
Maruti,baleno,79630.0,0,0,530000.0,6
Maruti,celerio,50000.0,0,1,338000.0,10
Maruti,swift,18240.0,0,1,609000.0,3
Maruti,wagon r,87550.0,0,0,317000.0,9
Maruti,celerio,65910.0,0,1,328000.0,10
Maruti,wagon r,130000.0,0,0,150000.0,14
Maruti,alto,120000.0,0,0,95000.0,16
Maruti,alto k10,82150.0,0,0,124000.0,15
Maruti,alto,110000.00000000001,0,0,107000.0,14
Maruti,swift,120000.0,0,0,320000.0,13
Maruti,baleno,110000.00000000001,0,0,415000.00000000006,8
Maruti,swift,69840.0,1,0,328000.0,13
Maruti,alto k10,110000.00000000001,0,0,115999.99999999999,15
Maruti,wagon r,120000.0,0,0,182000.0,14
Maruti,celerio,48930.0,0,1,295000.0,12
Maruti,swift,89400.0,1,0,471000.0,9
Maruti,celerio,39350.0,0,0,498000.00000000006,4
Maruti,baleno,27940.0,0,0,770000.0,4
Maruti,baleno,72670.0,0,0,490000.00000000006,8
Maruti,alto k10,100000.0,0,0,106000.0,15
Maruti,alto k10,90850.0,0,0,286000.0,7
Maruti,swift,96680.0,0,0,446000.0,7
Maruti,baleno,36380.0,0,0,657000.0,4
Maruti,alto k10,51750.0,0,0,350000.0,3
Maruti,celerio,130000.0,0,1,285000.0,11
Maruti,wagon r,15410.0,0,1,388000.0,8
Maruti,swift,12770.0,0,0,501999.99999999994,9
Maruti,wagon r,58080.0,0,0,307000.0,9
Maruti,alto,130000.0,0,0,106000.0,15
Maruti,wagon r,140000.0,0,1,308000.0,9
Maruti,swift,74190.0,0,0,450000.0,8
Maruti,ignis,12860.0,0,1,627000.0,3
Maruti,swift,72430.0,0,0,450000.0,7
Maruti,celerio,98850.0,0,1,295000.0,12
Maruti,alto,200000.0,0,0,70000.0,16
Maruti,swift,120000.0,1,0,170000.0,15
Maruti,celerio,94690.0,0,1,367000.0,8
Maruti,swift,140000.0,0,0,454000.0,5
Maruti,wagon r,94050.0,0,0,340000.0,8
Maruti,swift,170000.0,1,0,179000.0,15
Maruti,ritz,130000.0,1,0,193000.0,15
Maruti,swift,54970.0,0,0,500000.0,4
Maruti,ignis,74560.0,0,0,392000.0,9
Maruti,wagon r,19210.0,0,1,379000.0,8
Maruti,swift,53640.0,0,0,471000.0,5
Maruti,wagon-r,63880.0,0,0,465000.00000000006,4
Maruti,s presso,26920.0,0,1,425000.0,4
Maruti,baleno,75350.0,0,0,400000.0,9
Maruti,ritz,220000.00000000003,1,0,144000.0,15
Maruti,celerio,66260.0,0,1,302000.0,12
Maruti,ciaz,75490.0,0,0,409999.99999999994,10
Maruti,s presso,31170.0,0,0,405999.99999999994,4
Maruti,baleno,160000.0,0,0,401999.99999999994,10
Maruti,wagon r,47070.0,0,0,190000.0,14
Maruti,swift,93770.0,0,1,442000.0,8
Maruti,baleno,26920.0,0,1,545000.0,9
Maruti,swift,60250.0,0,0,597000.0,3
Maruti,alto,190000.0,0,0,100000.0,15
Maruti,wagon r,60110.0,0,0,256000.0,12
Maruti,wagon r,18610.0,0,0,301000.0,12
Maruti,swift,42220.0,0,0,565000.0,3
Maruti,alto 800,51170.0,0,0,154000.0,11
Maruti,baleno,66360.0,0,0,496000.0,7
Maruti,alto k10,51100.0,0,1,259000.0,9
Maruti,wagon r,48610.0,0,0,296000.0,10
Maruti,ignis,22420.0,0,1,409999.99999999994,9
Maruti,celerio,72590.0,0,1,344000.0,8
Maruti,baleno,120000.0,0,0,505000.0,6
Maruti,ritz,160000.0,0,0,213000.0,15
Maruti,ignis,13850.0,0,1,550000.0,5
Maruti,celerio,110000.00000000001,0,1,378000.0,10
Maruti,baleno,79620.0,0,0,451999.99999999994,9
Maruti,swift,94840.0,1,0,252000.0,14
Maruti,fronx,25330.0,0,0,674000.0,3
Maruti,wagon-r,31230.0,0,1,539000.0,4
Maruti,alto,120000.0,0,0,117000.0,14
Maruti,alto,88530.0,0,0,170000.0,15
Maruti,baleno,19000.0,0,1,631000.0,7
Maruti,baleno,120000.0,0,0,499000.0,5
Maruti,swift,140000.0,1,0,382000.0,10
Maruti,alto 800,38390.0,0,0,219000.0,11
Maruti,baleno,91840.0,0,0,593000.0,5
Maruti,alto k10,78150.0,0,0,199000.0,13
Maruti,alto 800,86600.0,0,0,196000.0,12
Maruti,wagon r,160000.0,0,0,276000.0,11
Maruti,alto 800,60600.0,0,0,170000.0,12
Maruti,baleno,66110.0,0,0,459999.99999999994,7
Maruti,alto 800,81050.0,0,0,164000.0,13
Maruti,alto 800,110000.00000000001,0,0,227000.0,12
Maruti,baleno,69550.0,0,0,420000.0,10
Maruti,wagon r,110000.00000000001,0,0,206999.99999999997,13
Maruti,swift,150000.0,1,0,256000.0,14
Maruti,ritz,95330.0,1,0,170000.0,10
Maruti,wagon r,58560.0,0,0,224000.00000000003,13
Maruti,wagon r,78810.0,0,0,254000.0,11
Maruti,wagon r,35730.0,0,0,350000.0,9
Maruti,celerio,87260.0,0,1,319000.0,9
Maruti,alto k10,46290.0,0,0,227999.99999999997,10
Maruti,baleno,47930.0,0,1,470000.0,10
Maruti,celerio,35710.0,0,1,450000.0,6
Maruti,swift,65379.99999999999,0,0,400000.0,11
Maruti,alto 800,40030.0,0,0,234000.0,9
Maruti,baleno,66930.0,0,1,467000.0,8
Maruti,swift,55970.0,0,0,339000.0,12
Maruti,alto k10,23270.0,0,0,303000.0,7
Maruti,s presso,14520.0,0,1,368000.0,7
Maruti,celerio,73970.0,0,1,361000.0,8
Maruti,ignis,95060.0,0,0,340000.0,8
Maruti,s presso,120000.0,0,1,300000.0,5
Maruti,celerio,93110.0,0,1,340000.0,9
Maruti,alto 800,85760.0,0,0,200999.99999999997,10
Maruti,alto 800,51350.0,0,0,295000.0,7
Maruti,alto k10,24000.0,0,0,229999.99999999997,12
Maruti,alto 800,98920.0,0,0,123000.0,14
Maruti,swift,160000.0,1,0,287000.0,13
Maruti,swift,73390.0,0,1,453000.0,8
Maruti,wagon r,96820.0,0,1,250000.0,11
Maruti,swift,75970.0,0,0,372000.0,11
Maruti,celerio,45910.0,0,1,322000.0,10
Maruti,alto,62800.0,0,0,358000.0,5
Maruti,swift,67750.0,0,0,507000.0,4
Maruti,ciaz,20510.0,0,1,866000.0,4
Maruti,swift,120000.0,0,0,407000.0,10
Maruti,ertiga,150000.0,0,0,795000.0,6
Maruti,celerio,46240.0,0,1,457000.0,9
Maruti,wagon-r,25000.0,0,0,419000.00000000006,7
Maruti,swift,110000.00000000001,0,1,440000.00000000006,7
Maruti,baleno,130000.0,0,1,442000.0,8
Maruti,alto 800,61150.0,0,0,242000.0,8
Maruti,alto 800,51530.0,0,0,213000.0,11
Maruti,alto 800,54390.0,0,0,209000.0,8
Maruti,celerio,71890.0,0,1,250999.99999999997,11
Maruti,a star,76610.0,0,1,186000.0,13
Maruti,baleno,38080.0,0,1,495000.0,6
Maruti,celerio,110000.00000000001,0,1,320000.0,9
Maruti,alto 800,80470.0,0,0,233000.0,8
Maruti,wagon r,75060.0,0,0,213000.0,13
Maruti,alto k10,67700.0,0,0,235000.0,10
Maruti,wagon r,51690.0,0,0,280000.0,11
Maruti,alto,63170.0,0,0,85000.0,16
Maruti,s presso,100000.0,0,0,290000.0,5
Maruti,celerio,82210.0,0,1,380000.0,7
Maruti,swift,110000.00000000001,0,1,576000.0,6
Maruti,baleno,48630.0,0,0,475000.0,7
Maruti,alto 800,72440.0,0,0,229999.99999999997,11
Maruti,baleno,70760.0,0,0,500000.0,4
Maruti,swift,94100.0,0,0,321000.0,10
Maruti,swift,70860.0,0,0,300000.0,13
Maruti,swift,120000.0,1,0,290000.0,12
Maruti,swift,72440.0,0,1,459999.99999999994,7
Maruti,swift,120000.0,1,0,250999.99999999997,11
Maruti,swift,21060.0,0,0,628000.0,2
Maruti,swift,76170.0,0,0,573000.0,6
Maruti,swift,67880.0,0,0,277000.0,12
Maruti,baleno,58610.0,0,0,433000.0,9
Maruti,baleno,26400.0,0,0,635000.0,3
Maruti,wagon r,110000.00000000001,0,0,121000.0,16
Maruti,swift,170000.0,1,0,193000.0,15
Maruti,alto k10,76240.0,0,0,295000.0,10
Maruti,alto k10,88390.0,0,0,163000.0,13
Maruti,swift,130000.0,1,0,395000.0,11
Maruti,wagon r,13860.0,0,1,338000.0,9
Maruti,ertiga,32490.000000000004,0,0,1093000.0,4
Maruti,alto k10,84450.0,0,0,163000.0,13
Maruti,ritz,99340.0,1,0,172000.0,14
Maruti,alto k10,52760.0,0,0,215000.0,9
Maruti,alto 800,68240.0,0,0,250000.0,8
Maruti,wagon r,84180.0,0,0,260000.0,11
Maruti,swift,66950.0,0,0,517000.0,8
Maruti,alto 800,67330.0,0,0,244000.0,8
Maruti,wagon r,120000.0,0,0,238000.0,13
Maruti,fronx,110000.00000000001,0,0,671000.0,3
Maruti,alto 800,130000.0,0,0,139000.0,13
Maruti,swift,130000.0,0,0,309000.0,11
Maruti,wagon r,170000.0,0,0,149000.0,14
Maruti,swift,61340.0,1,1,591000.0,7
Maruti,celerio,85280.0,0,0,236000.0,7
Maruti,swift,110000.00000000001,1,0,239000.0,14
Maruti,swift,63350.0,0,0,338000.0,9
Maruti,ritz,100000.0,1,0,208000.0,14
Maruti,alto k10,65640.0,0,0,191000.0,12
Maruti,alto k10,34720.0,0,1,273000.0,9
Maruti,swift,57660.0,0,0,222000.00000000003,12
Maruti,alto k10,92700.0,0,0,318000.0,4
Maruti,swift,63070.0,0,0,627000.0,3
Maruti,alto k10,81570.0,0,0,225999.99999999997,8
Maruti,swift,130000.0,0,0,373000.0,12
Maruti,ritz,120000.0,1,0,208000.0,14
Maruti,celerio,120000.0,1,0,166000.0,11
Maruti,alto 800,120000.0,0,0,180000.0,10
Maruti,swift,98620.0,0,0,404000.0,7
Maruti,swift,71610.0,0,0,528000.0,4
Maruti,baleno,44090.0,0,1,596000.0,5
Maruti,swift,74370.0,0,0,304000.0,13
Maruti,wagon r,68010.0,0,0,304000.0,12
Maruti,alto 800,33390.0,0,0,256000.0,9
Maruti,wagon-r,48970.0,0,0,401999.99999999994,3
Maruti,swift,5590.0,0,1,883000.0,1
Maruti,baleno,98840.0,1,0,482000.0,10
Maruti,baleno,57950.0,0,0,550000.0,7
Maruti,swift,66480.0,0,0,329000.0,13
Maruti,baleno,91700.0,0,1,425000.0,10
Maruti,swift,65220.0,1,0,465000.00000000006,11
Maruti,swift dzire,76230.0,0,0,306000.0,10
Maruti,baleno,100000.0,0,0,600000.0,5
Maruti,ignis,35620.0,0,0,413999.99999999994,5
Maruti,ignis,35480.0,0,0,371000.0,8
Maruti,wagon-r,83000.0,0,0,391000.0,7
Maruti,baleno,130000.0,0,0,450000.0,7
Maruti,baleno,260000.0,1,0,411000.00000000006,11
Maruti,wagon r,50390.0,0,0,1068000.0,10
Maruti,baleno,41720.0,0,0,593000.0,6
Maruti,celerio,90530.0,0,1,256000.0,12
Maruti,wagon-r,5980.0,0,0,488999.99999999994,3
Maruti,baleno,48810.0,0,0,758000.0,4
Maruti,wagon r,10910.0,0,1,369000.0,8
Maruti,baleno,24120.0,0,1,628000.0,5
Maruti,ignis,34690.0,0,1,470000.0,7
Maruti,celerio x,89920.0,0,0,364000.0,5
Maruti,swift,4470.0,0,1,1068000.0,1
Maruti,wagon-r,36340.0,0,0,574000.0,2
Maruti,s presso,450000.0,0,1,450000.0,2
Maruti,baleno,98710.0,0,1,497000.0,8
Maruti,ignis,45410.0,0,1,513999.99999999994,5
Maruti,ignis,53170.0,0,1,424000.0,8
Maruti,swift,180000.0,1,0,250000.0,13
Maruti,baleno,100000.0,0,1,490000.00000000006,8
Maruti,s presso,44170.0,0,0,331000.0,5
Maruti,alto k10,98120.0,0,0,148000.0,13
Maruti,baleno,19040.0,0,0,632000.0,5
Maruti,alto 800,25860.0,0,0,268000.0,8
Maruti,celerio,94590.0,0,1,270000.0,10
Maruti,swift,69450.0,0,0,373000.0,9
Maruti,baleno,97030.0,1,0,717000.0,8
Maruti,alto k10,30380.0,0,0,303000.0,7
Maruti,swift,40120.0,0,1,527000.0,7
Maruti,baleno,92670.0,0,0,484000.0,8
Maruti,baleno,100000.0,0,0,535000.0,7
Maruti,celerio,69160.0,0,1,412000.0,8
Maruti,celerio,45760.0,0,0,309000.0,9
Maruti,baleno,76000.0,0,0,1068000.0,5
Maruti,baleno,44080.0,0,1,520000.0,8
Maruti,baleno,86360.0,0,0,600000.0,6
Maruti,alto,14050.0,0,0,252000.0,7
Maruti,swift,37480.0,0,0,634000.0,2
Maruti,ertiga,63720.0,0,0,847000.0000000001,6
Maruti,celerio,66190.0,0,0,371000.0,8
Maruti,baleno,72830.0,0,0,624000.0,5
Maruti,alto k10,35160.0,0,0,275000.0,11
Maruti,s presso,54630.0,0,0,330000.0,6
Maruti,wagon r,83870.0,0,0,225000.0,13
Maruti,celerio,120000.0,0,0,215000.0,10
Maruti,ignis,66130.0,0,0,377000.0,9
Maruti,baleno,72250.0,0,0,575000.0,5
Maruti,alto k10,40240.0,0,0,238000.0,9
Maruti,ritz,29730.0,0,0,310000.0,13
Maruti,celerio,91710.0,0,1,298000.0,10
Maruti,celerio x,48090.0,0,0,365000.0,8
Maruti,ritz,74970.0,0,0,229999.99999999997,13
Maruti,celerio,56590.0,0,0,306000.0,9
Maruti,celerio,44930.0,0,1,374000.0,8
Maruti,baleno,84170.0,0,1,444000.00000000006,9
Maruti,baleno,53370.0,0,0,461000.00000000006,8
Maruti,swift,58470.0,0,0,399000.0,11
Maruti,alto k10,82770.0,0,1,282000.0,9
Maruti,alto k10,120000.0,0,0,151000.0,13
Maruti,dzire,42210.0,0,0,480999.99999999994,7
Maruti,alto 800,50140.0,0,0,192000.0,13
Maruti,swift,71380.0,0,0,413000.0,10
Maruti,wagon-r,62420.0,0,1,465000.00000000006,7
Maruti,wagon r,46450.0,0,1,313000.0,10
Maruti,dzire,74030.0,0,0,517000.0,7
Maruti,celerio,36280.0,0,1,269000.0,11
Maruti,ignis,30360.0,0,1,550000.0,6
Maruti,celerio,53800.0,0,1,290000.0,10
Maruti,celerio,19320.0,0,1,579000.0,2
Maruti,ignis,77260.0,0,1,372000.0,9
Maruti,ertiga,96670.0,0,0,490000.00000000006,11
Maruti,wagon r,23310.0,0,1,361000.0,8
Maruti,swift,22020.0,0,1,611000.0,5
Maruti,fronx,18700.0,0,0,928999.9999999999,3
Maruti,alto 800,73170.0,0,0,223000.0,11
Maruti,dzire,31480.0,0,0,499000.0,7
Maruti,fronx,2330.0,0,0,1068000.0,2
Maruti,baleno,20680.0,0,1,729000.0,3
Maruti,s presso,150000.0,0,0,320000.0,4
Maruti,swift,35800.0,0,0,530000.0,5
Maruti,swift,110000.00000000001,0,0,455000.0,8
Maruti,s presso,67050.0,0,0,333000.0,4
Maruti,swift,110000.00000000001,1,0,380000.0,12
Maruti,celerio,33340.0,0,0,352000.0,5
Maruti,alto 800,59300.0,0,0,202999.99999999997,8
Maruti,wagon r,57300.0,0,1,337000.0,8
Maruti,swift,48200.0,1,0,450000.0,9
Maruti,swift,110000.00000000001,0,0,369000.0,10
Maruti,alto k10,14560.0,0,1,308000.0,8
Maruti,alto k10,75230.0,0,1,220000.00000000003,11
Maruti,ritz,59390.0,0,0,202999.99999999997,13
Maruti,swift,130000.0,1,1,561000.0,7
Maruti,baleno,19370.0,0,0,724000.0,2
Maruti,baleno,21540.0,0,0,656000.0,5
Maruti,wagon-r,771.0,0,0,529000.0,2
Maruti,swift,19430.0,0,1,709000.0,3
Maruti,dzire,80380.0,0,1,426999.99999999994,7
Maruti,baleno,72880.0,1,0,488999.99999999994,10
Maruti,swift,30050.0,0,0,611000.0,3
Maruti,baleno,71960.0,0,0,528000.0,8
Maruti,alto k10,40220.0,0,1,260000.0,11
Maruti,celerio,62710.0,0,1,359000.0,7
Maruti,celerio x,130000.0,0,0,292000.0,8
Maruti,baleno,74880.0,0,1,740000.0,3
Maruti,alto,21400.0,0,0,339000.0,4
Maruti,s presso,48630.0,0,0,328000.0,7
Maruti,celerio,33670.0,0,0,445000.0,3
Maruti,celerio,50310.0,0,1,296000.0,12
Maruti,fronx,7200.0,0,1,935000.0,1
Maruti,ignis,80290.0,0,0,450000.0,4
Maruti,baleno,13520.0,0,0,689000.0,2
Maruti,swift,70960.0,0,0,557000.0,8
Maruti,swift,98610.0,0,0,271000.0,14
Maruti,wagon r,81640.0,0,0,241000.0,11
Maruti,ertiga,53740.0,0,1,778000.0,5
Maruti,wagon-r,32380.000000000004,0,0,580000.0,3
Maruti,swift dzire,72850.0,0,0,254000.0,13
Maruti,ignis,31800.0,0,1,611000.0,3
Maruti,swift dzire,83230.0,0,0,323000.0,11
Maruti,wagon r,79480.0,0,1,364000.0,8
Maruti,swift,100000.0,0,0,254999.99999999997,16
Maruti,celerio,27290.0,0,0,531000.0,4
Maruti,celerio x,70420.0,0,0,320000.0,8
Maruti,celerio,55020.0,0,1,350000.0,8
Maruti,baleno,55830.0,0,1,465000.00000000006,8
Maruti,baleno,96310.0,0,0,518000.0,5
Maruti,celerio,20630.0,0,0,393000.0,6
Maruti,swift,150000.0,1,0,259000.0,15
Maruti,baleno,73320.0,1,0,548000.0,9
Maruti,baleno,120000.0,1,0,441000.0,9
Maruti,wagon r,11220.0,0,1,369000.0,9
Maruti,baleno,74780.0,0,0,600000.0,5
Maruti,baleno,65390.0,0,0,516000.0,8
Maruti,alto 800,88610.0,0,0,185000.0,11
Maruti,ertiga,29420.0,0,0,1061000.0,2
Maruti,alto k10,25290.0,0,1,405000.0,4
Maruti,s presso,76930.0,0,0,418000.0,3
Maruti,alto,26510.0,0,0,306000.0,7
Maruti,baleno,110000.00000000001,0,0,610000.0,7
Maruti,wagon-r,55710.0,0,0,382000.0,5
Maruti,celerio,43390.0,0,1,369000.0,9
Maruti,swift,30410.0,0,1,635000.0,6
Maruti,swift,78740.0,0,0,661000.0,3
Maruti,baleno,92900.0,0,0,580000.0,5
Maruti,baleno,89480.0,0,0,373000.0,9
Maruti,wagon r,49800.0,0,1,274000.0,10
Maruti,baleno,34140.0,0,0,518000.0,7
Maruti,celerio,11240.0,0,0,554000.0,4
Maruti,baleno,90650.0,1,0,420000.0,9
Maruti,wagon-r,33460.0,0,0,569000.0,4
Maruti,swift dzire,59170.0,0,0,422000.0,10
Maruti,baleno,88120.0,0,0,409999.99999999994,10
Maruti,ritz,65040.00000000001,0,0,181000.0,12
Maruti,alto 800,19960.0,0,0,199000.0,13
Maruti,dzire,45790.0,0,0,527000.0,4
Maruti,celerio,52380.0,0,0,497000.0,4
Maruti,wagon-r,54440.0,0,0,509000.0,4
Maruti,ciaz,21970.0,0,0,800000.0,4
Maruti,swift,66420.0,0,0,459999.99999999994,8
Maruti,baleno,22020.0,0,1,594000.0,7
Maruti,swift,85360.0,1,0,558000.0,9
Maruti,baleno,76220.0,0,0,442000.0,9
Maruti,baleno,240000.0,0,0,544000.0,5
Maruti,celerio x,36980.0,0,0,354000.0,8
Maruti,baleno,52320.0,0,0,519000.00000000006,8
Nissan,micra,150000.0,1,0,111000.00000000001,15
Nissan,micra,95000.0,0,1,320000.0,9
Nissan,micra,72980.0,0,1,280000.0,10
Nissan,sunny,250000.0,1,0,213000.0,11
Nissan,micra,66080.0,0,1,425000.0,8
Nissan,sunny,17860.0,0,0,161000.0,15
Nissan,micra,140000.0,1,0,189000.0,13
Nissan,micra,94610.0,1,0,213000.0,13
Nissan,sunny,85680.0,0,0,160000.0,15
Nissan,micra,100000.0,0,1,277000.0,12
Nissan,sunny,99430.0,1,0,254000.0,12
Nissan,micra,38070.0,0,1,381000.0,9
Renault,kwid,56050.0,0,0,296000.0,4
Renault,kwid,68430.0,0,1,250000.0,8
Renault,kwid,14060.0,0,1,325000.0,7
Renault,kwid,58790.0,0,1,283000.0,7
Renault,kwid,30500.0,0,0,250000.0,7
Renault,kwid,71590.0,0,0,209000.0,8
Renault,kwid,51560.0,0,0,204000.0,10
Renault,duster,100000.0,1,0,213000.0,14
Renault,kwid,34780.0,0,1,360000.0,7
Renault,kwid,110000.00000000001,0,0,193000.0,8
Renault,kwid,130000.0,0,0,170000.0,9
Renault,kwid,31980.0,0,0,177000.0,10
Renault,kwid,52370.0,0,0,302000.0,6
Renault,duster,130000.0,1,0,548000.0,8
Renault,pulse,22610.0,0,0,224000.00000000003,10
Renault,kwid,63400.0,0,1,285000.0,7
Renault,kwid,66040.0,0,0,176000.0,10
Renault,kwid,29890.0,0,0,350000.0,4
Renault,kwid,66560.0,0,0,278000.0,8
Renault,kwid,31020.0,0,0,250999.99999999997,8
Renault,triber,8410.0,0,0,540000.0,2
Renault,kwid,87960.0,0,0,216000.0,9
Renault,kiger,17700.0,0,1,619000.0,4
Renault,kiger,32850.0,0,1,900000.0,3
Renault,kiger,29320.0,0,0,478000.0,3
Renault,kwid,85400.0,0,0,198000.0,10
Renault,kwid,62550.0,0,0,229999.99999999997,10
Renault,kwid,30730.0,0,0,333000.0,4
Renault,kwid,100000.0,0,0,165000.0,10
Renault,kwid,26720.0,0,0,312000.0,6
Renault,kwid,77770.0,0,0,234000.0,8
Renault,duster,140000.0,1,0,363000.0,12
Renault,triber,40850.0,0,1,462000.0,6
Renault,kwid,48590.0,0,0,242000.0,9
Renault,kwid,100000.0,0,0,229999.99999999997,9
Renault,kwid,49810.0,0,0,260000.0,8
Renault,kwid,75700.0,0,0,212000.0,10
Renault,kwid,76660.0,0,1,360000.0,6
Renault,kwid,31480.0,0,0,220000.00000000003,9
Renault,kwid,44010.0,0,0,245000.00000000003,7
Renault,kwid,150000.0,0,0,223000.0,9
Renault,kwid,56600.0,0,1,275000.0,7
Renault,kwid,35460.0,0,1,344000.0,6
Renault,kwid,85170.0,0,0,173000.0,10
Renault,kwid,100000.0,0,1,271000.0,9
Renault,kiger,10670.0,0,1,665000.0,2
Renault,kwid,18220.0,0,1,350000.0,6
Renault,kwid,87880.0,0,0,169000.0,10
Renault,kwid,110000.00000000001,0,0,159000.0,10
Renault,kwid,45420.0,0,0,217000.0,10
Renault,duster,67300.0,0,0,635000.0,6
Renault,kwid,95570.0,0,0,218000.00000000003,10
Renault,kwid,24620.0,0,1,283000.0,8
Renault,triber,27100.0,0,0,523000.00000000006,6
Renault,kwid,65630.0,0,0,357000.0,5
Renault,kwid,140000.0,0,0,180000.0,8
Renault,duster,130000.0,1,1,525000.0,10
Renault,kiger,29380.0,0,0,484000.0,4
Renault,kwid,92910.0,0,0,344000.0,6
Renault,kwid,9400.0,0,0,389000.0,4
Renault,kiger,23770.0,0,0,580000.0,3
Renault,kwid,61910.0,0,0,224000.00000000003,10
Renault,kwid,838.0,0,0,293000.0,7
Renault,kwid,43620.0,0,0,347000.0,4
Renault,kwid,76120.0,0,1,275000.0,8
Renault,kwid,71990.0,0,0,245000.00000000003,9
Renault,duster,26530.0,0,0,715000.0,5
Renault,kwid,26180.0,0,0,275000.0,6
Renault,kwid,14470.0,0,0,345000.0,5
Renault,kiger,31960.0,0,0,640000.0,5
Renault,kwid,34060.0,0,1,386000.0,5
Renault,duster,120000.0,1,0,543000.0,7
Renault,duster,310000.0,1,0,155000.0,13
Renault,kwid,140000.0,0,0,250000.0,7
Renault,pulse,66900.0,1,0,225999.99999999997,14
Renault,duster,56510.0,1,0,440000.00000000006,11
Renault,kiger,40240.0,0,1,638000.0,4
Renault,kwid,40490.0,0,1,312000.0,6
Renault,kiger,24000.0,0,0,550000.0,2
Renault,kwid,46340.0,0,0,264000.0,8
Renault,kwid,86050.0,0,0,235000.0,10
Renault,kiger,42790.0,0,1,730000.0,3
Renault,kwid,35860.0,0,0,276000.0,4
Renault,kwid,55820.0,0,0,184000.0,10
Renault,kwid,68420.0,0,1,300000.0,8
Renault,kwid,49420.0,0,0,250999.99999999997,10
Renault,kwid,58060.0,0,1,293000.0,9
Renault,kwid,73050.0,0,0,206000.0,10
Renault,kwid,49860.0,0,1,313000.0,8
Renault,kwid,14760.0,0,1,340000.0,7
Renault,kwid,25160.0,0,0,247000.00000000003,9
Renault,kwid,18410.0,0,1,304000.0,9
Renault,kwid,34280.0,0,1,315000.0,8
Renault,kiger,46750.0,0,0,721000.0,4
Renault,kwid,53380.0,0,0,270000.0,10
Renault,kwid,51140.0,0,0,243000.00000000003,10
Renault,kwid,51030.0,0,1,382000.0,5
Renault,kwid,57070.0,0,1,295000.0,8
Renault,kwid,170000.0,0,0,181000.0,10
Renault,kwid,49970.0,0,0,256999.99999999997,9
Renault,kwid,65800.0,0,0,204000.0,10
Renault,kwid,78350.0,0,0,221000.0,9
Renault,kiger,35000.0,0,0,530000.0,5
Renault,kwid,300000.0,0,0,327000.0,8
Renault,kwid,49560.0,0,0,376000.0,4
Renault,kwid,22120.0,0,0,265000.0,7
Renault,kwid,88940.0,0,0,140000.0,11
Renault,kwid,15090.0,0,1,411000.00000000006,5
Renault,kwid,83810.0,0,0,209000.0,8
Renault,pulse,28160.0,0,0,215000.0,12
Renault,duster,140000.0,1,1,444000.00000000006,9
Renault,kiger,48780.0,0,1,641000.0,4
Renault,kwid,96220.0,0,0,183000.0,10
Renault,kiger,42900.0,0,0,480000.0,5
Renault,pulse,100000.0,1,0,124000.0,14
Renault,kwid,62210.0,0,1,273000.0,9
Renault,kwid,73320.0,0,0,250000.0,8
Renault,kwid,47890.0,0,1,259000.0,8
Renault,kwid,71410.0,0,1,158000.0,10
Renault,kwid,27660.0,0,1,274000.0,9
Renault,kwid,63290.0,0,0,212000.0,8
Renault,kwid,70980.0,0,0,277000.0,7
Renault,kiger,25080.0,0,1,563000.0,4
Renault,kwid,7040.0,0,0,229000.0,8
Renault,kwid,68450.0,0,0,176000.0,10
Renault,kwid,100000.0,0,0,174000.0,8
Renault,triber,8860.0,0,0,611000.0,2
Renault,kwid,74410.0,0,0,217000.0,8
Renault,kwid,78110.0,0,1,239000.0,9
Renault,kwid,75000.0,0,1,276000.0,8
Skoda,kushaq,11630.0,0,0,1093000.0,3
Skoda,fabia,85310.0,1,0,133000.0,16
Skoda,rapid,93090.0,1,1,220000.00000000003,11
Skoda,rapid,92740.0,1,0,307000.0,12
Skoda,kushaq,17420.0,0,0,958000.0,4
Skoda,fabia,74340.0,1,0,162000.0,16
Skoda,rapid,100000.0,1,0,499000.0,8
Skoda,rapid,75350.0,0,0,395000.0,9
Skoda,fabia,63570.0,0,0,350000.0,15
Skoda,rapid,180000.0,1,1,403000.0,11
Skoda,fabia,78820.0,0,0,150000.0,15
Skoda,rapid,229999.99999999997,1,0,174000.0,14
Skoda,rapid,120000.0,0,0,399000.0,9
Skoda,rapid,110000.00000000001,0,0,241000.0,13
Skoda,fabia,95300.0,0,0,162000.0,15
Skoda,kushaq,52160.0,0,0,969000.0,3
Skoda,rapid,52200.0,0,0,540000.0,6
Skoda,kushaq,34090.0,0,1,1140000.0,5
Skoda,fabia,53980.0,0,0,119000.0,15
Skoda,rapid,55150.0,0,0,546000.0,6
Skoda,rapid,78420.0,1,0,250000.0,12
Skoda,fabia,56780.0,1,0,229999.99999999997,15
Skoda,rapid,69890.0,0,1,206999.99999999997,14
Tata,nexon,170000.0,1,0,550000.0,9
Tata,nano,100000.0,0,0,83000.0,12
Tata,tiago,91610.0,1,0,359000.0,8
Tata,tigor,76620.0,0,0,330000.0,9
Tata,safari,20470.0,1,0,1780000.0,3
Tata,zest,170000.0,0,0,249000.00000000003,10
Tata,altroz,38200.0,0,0,769000.0,2
Tata,altroz,44820.0,1,0,726000.0,4
Tata,nexon,31440.0,1,0,1172000.0,2
Tata,tiago nrg,31110.0,0,1,634000.0,2
Tata,nexon,97460.0,1,0,541000.0,7
Tata,tigor,30030.0,0,0,459000.0,6
Tata,harrier,82970.0,1,0,1081000.0,5
Tata,tiago,33910.0,0,1,491000.0,7
Tata,tiago,16770.0,0,0,568000.0,4
Tata,tiago,52700.0,0,0,416000.0,7
Tata,nexon,27760.0,0,0,685000.0,4
Tata,nexon,61580.0,1,1,1081000.0,4
Tata,nexon,49780.0,0,1,781000.0,4
Tata,tiago,18600.0,0,0,516000.0,4
Tata,nexon,93890.0,1,0,548000.0,8
Tata,altroz,31780.0,0,0,785000.0,3
Tata,tigor,67410.0,0,0,409999.99999999994,8
Tata,safari,91870.0,1,1,1662000.0,4
Tata,harrier,81070.0,1,1,1687000.0,4
Tata,nexon,25510.0,0,0,695000.0,4
Tata,punch,18170.0,0,0,552000.0,3
Tata,nexon,49140.0,1,1,755000.0,5
Tata,nexon,140000.0,1,1,814000.0,4
Tata,altroz,21810.0,0,0,666000.0,4
Tata,altroz,31180.0,0,0,809000.0,3
Tata,nexon,7690.0,0,0,1044999.9999999999,2
Tata,tiago,20540.0,0,0,487000.0,4
Tata,altroz,68400.0,1,0,780000.0,3
Tata,nexon,70640.0,0,1,684000.0,5
Tata,nexon,75920.0,1,0,969000.0,4
Tata,tiago,25410.0,0,0,497000.0,3
Tata,tiago,57430.0,0,1,459999.99999999994,6
Tata,tiago,65430.00000000001,0,0,336000.0,9
Tata,tiago,48960.0,0,0,433000.0,5
Tata,tiago,150000.0,1,0,350000.0,8
Tata,altroz,46240.0,0,0,523000.00000000006,4
Tata,tiago,22070.0,0,1,375000.0,8
Tata,tiago,82950.0,0,0,290000.0,10
Tata,punch,44540.0,0,0,515000.00000000006,3
Tata,altroz,33190.0,0,0,448000.00000000006,6
Tata,altroz,98460.0,1,0,583000.0,5
Tata,harrier,96140.0,1,1,1256000.0,6
Tata,tiago,68190.0,0,1,288000.0,9
Tata,tiago,41940.0,0,1,309000.0,8
Tata,nexon,77270.0,0,1,567000.0,6
Tata,tiago,71600.0,0,0,390000.0,7
Tata,altroz,58690.0,0,0,440000.00000000006,6
Tata,altroz,20240.0,0,1,705000.0,3
Tata,nexon,98780.0,1,1,697000.0,7
Tata,altroz,110000.00000000001,1,0,451999.99999999994,5
Tata,tiago,110000.00000000001,0,0,211000.0,10
Tata,nexon,79820.0,1,0,695000.0,5
Tata,altroz,30530.0,0,0,490000.00000000006,5
Tata,zest,38220.0,0,0,305000.0,11
Tata,nexon,130000.0,1,0,528000.0,7
Tata,tiago,62590.0,0,0,415000.00000000006,7
Tata,tiago,81750.0,0,0,284000.0,10
Tata,nexon,37340.0,0,1,669000.0,5
Tata,tiago,87920.0,0,1,355000.0,9
Tata,tiago,77330.0,0,0,386000.0,6
Tata,nano,17040.0,0,1,208000.0,10
Tata,punch,26200.0,0,0,583000.0,3
Tata,nexon,24860.0,0,0,878999.9999999999,3
Tata,nexon,62260.0,0,0,652000.0,5
Tata,tiago nrg,24350.0,0,1,605000.0,3
Tata,nexon,84060.0,1,0,615000.0,8
Tata,tiago,93790.0,0,0,329000.0,9
Tata,altroz,20330.0,0,0,660000.0,3
Tata,nexon,22290.0,1,0,930000.0000000001,2
Tata,tiago,23140.0,0,1,569000.0,3
Tata,altroz,30750.0,0,1,730000.0,3
Tata,zest,61920.0,0,0,235000.0,12
Tata,altroz,48310.0,0,0,503000.0,5
Tata,tigor,50280.0,0,0,405999.99999999994,9
Tata,tigor,53990.0,0,0,419000.00000000006,7
Tata,nexon,40550.0,0,0,497000.0,7
Tata,tiago,57410.0,0,0,390000.0,8
Tata,tigor,72770.0,0,0,415000.00000000006,7
Tata,nexon,32790.0,0,0,741000.0,4
Tata,tiago,98480.0,1,0,271000.0,10
Tata,altroz,74080.0,0,0,484999.99999999994,5
Tata,altroz,41760.0,0,0,453000.0,5
Tata,indica v2,100000.0,1,0,47000.0,15
Tata,indica vista,229999.99999999997,1,0,150000.0,13
Tata,tiago nrg,31830.0,0,0,346000.0,8
Tata,indica v2,120000.0,1,0,119000.0,11
Tata,tiago,100000.0,0,1,400000.0,8
Tata,tiago,19040.0,0,1,576000.0,3
Tata,tiago,48500.0,0,0,438000.0,6
Tata,indica v2,160000.0,1,0,39000.0,14
Tata,indica vista,110000.00000000001,1,0,124000.0,14
Tata,nano,100000.0,0,0,46000.0,16
Tata,altroz,120000.0,0,0,378000.0,6
Tata,indica vista,140000.0,1,0,95000.0,15
Tata,tiago,58210.0,0,0,356000.0,9
Tata,tiago,110000.00000000001,0,0,364000.0,8
Tata,nano,31250.0,0,0,45000.0,16
Tata,altroz,40430.0,0,1,720000.0,4
Tata,altroz,22350.0,0,1,694000.0,4
Tata,altroz,51970.0,0,0,444000.00000000006,6
Tata,tiago nrg,42260.0,0,0,420000.0,7
Tata,tiago,100000.0,0,1,325000.0,9
Tata,tiago,94510.0,0,0,270000.0,9
Tata,altroz,41560.0,0,1,638000.0,4
Tata,tiago,140000.0,0,0,317000.0,6
Tata,tigor,69810.0,0,0,630000.0,3
Tata,tiago,59410.0,0,1,409999.99999999994,8
Tata,tiago,18720.0,0,0,550000.0,4
Tata,altroz,55660.0,0,0,463000.0,5
Tata,altroz,42680.0,0,0,748000.0,3
Tata,altroz,68010.0,0,0,558000.0,5
Tata,tiago,24230.0,0,0,453000.0,7
Tata,tiago,36280.0,0,0,526000.0,4
Tata,tiago,66610.0,0,0,415000.00000000006,7
Tata,altroz,68720.0,0,0,475000.0,6
Tata,altroz,35470.0,0,0,694000.0,5
Tata,tiago,39340.0,0,0,450000.0,5
Tata,tiago,75950.0,0,0,350000.0,9
Tata,altroz,59870.0,0,0,612000.0,4
Tata,tiago,93180.0,0,1,409999.99999999994,8
Tata,tiago,56890.0,0,0,310000.0,10
Tata,altroz,16379.999999999998,0,0,764000.0,4
Tata,punch,69000.0,0,1,646000.0,5
Tata,punch,30130.0,0,1,615000.0,4
Tata,altroz,51810.0,1,0,774000.0,5
Tata,tiago,150000.0,1,0,380000.0,8
Tata,indica vista,140000.0,1,0,183000.0,12
Tata,nano,21970.0,0,0,39000.0,16
Tata,nexon,47670.0,1,0,750000.0,6
Tata,altroz,16010.000000000002,0,0,555000.0,4
Tata,altroz,27220.0,0,0,570000.0,4
Tata,tiago,110000.00000000001,0,0,339000.0,9
Tata,altroz,52730.0,0,0,433000.0,5
Tata,tiago,50840.0,0,0,434000.0,6
Tata,altroz,66650.0,0,0,494000.00000000006,6
Tata,altroz,25170.0,0,0,947000.0000000001,2
Tata,altroz,41060.0,0,0,724000.0,4
Tata,tiago,62160.0,0,0,382000.0,6
Tata,nexon,31400.0,0,0,650000.0,5
Tata,tiago,75270.0,0,0,348000.0,9
Tata,nano,86430.0,0,0,45000.0,16
Tata,nexon,58990.0,1,1,857000.0,4
Tata,tigor,110000.00000000001,0,0,338000.0,8
Tata,altroz,23680.0,0,0,519000.00000000006,4
Tata,nexon,67110.0,0,0,833000.0,5
Tata,safari,350000.0,1,0,184000.0,15
Tata,tiago,100000.0,0,1,326000.0,8
Tata,nexon,18280.0,0,0,747000.0,3
Tata,tiago,140000.0,0,0,329000.0,5
Tata,altroz,93150.0,1,0,585000.0,5
Tata,harrier,96120.0,1,1,1627000.0,4
Tata,tiago,56000.0,0,0,450000.0,4
Tata,tiago,44980.0,0,0,345000.0,7
Tata,nexon,11590.0,0,0,550000.0,8
Tata,indica vista,120000.0,1,0,110000.00000000001,13
Tata,nexon,110000.00000000001,1,1,588000.0,8
Tata,altroz,42450.0,0,0,501000.0,5
Tata,tiago,60480.0,0,0,330000.0,8
Tata,nexon,23000.0,0,0,730000.0,5
Tata,nexon,85190.0,1,0,601000.0,8
Tata,nexon,79530.0,0,0,742000.0,4
Tata,altroz,25480.0,0,0,554000.0,5
Tata,tiago,38820.0,0,0,552000.0,3
Tata,safari,110000.00000000001,1,0,220000.00000000003,15
Tata,tiago,100000.0,0,1,279000.0,9
Tata,nexon,90200.0,1,0,672000.0,8
Tata,zest,72070.0,0,0,271000.0,11
Tata,nexon,24880.0,0,0,769000.0,5
Tata,tiago,84760.0,0,0,419000.00000000006,6
Tata,tiago,28690.0,0,0,386000.0,5
Tata,tiago,120000.0,0,0,221000.0,9
Tata,tiago,52260.0,0,0,344000.0,10
Tata,nano,45510.0,0,1,179000.0,10
Tata,safari,44940.0,1,1,1644000.0000000002,4
Tata,safari,48830.0,1,1,1747000.0,4
Tata,nano,21170.0,0,1,150000.0,9
Tata,altroz,99720.0,0,0,537000.0,6
Tata,tiago,64450.0,0,1,490000.00000000006,4
Tata,nexon,4570.0,0,1,1225000.0,2
Tata,nexon,5430.0,0,0,1471000.0,2
Tata,altroz,17990.0,0,0,667000.0,5
Tata,indica vista,86310.0,1,0,150000.0,15
Tata,indica vista,77810.0,1,0,157000.0,15
Tata,tiago nrg,14420.0,0,1,580000.0,4
Tata,altroz,80230.0,0,0,623000.0,4
Tata,nexon,12580.0,0,0,690000.0,2
Tata,tiago,70190.0,0,1,400000.0,9
Tata,nexon,68840.0,1,0,620000.0,8
Tata,tiago,37450.0,0,0,409999.99999999994,7
Tata,tigor,33160.0,0,0,472000.0,5
Tata,tiago,130000.0,1,0,356000.0,8
Tata,tiago,45160.0,0,1,413000.0,8
Tata,altroz,49000.0,0,0,874000.0,3
Tata,tiago,69990.0,0,1,390000.0,9
Tata,tiago,97080.0,0,0,334000.0,10
Tata,nano,64769.99999999999,0,0,67000.0,14
Tata,tiago,140000.0,0,1,304000.0,8
Tata,altroz,120000.0,0,0,492000.0,5
Tata,indica v2,160000.0,1,0,113999.99999999999,13
Tata,tiago,150000.0,0,0,289000.0,9
Tata,zest,110000.00000000001,0,0,215000.0,11
Tata,tiago,78960.0,0,0,375000.0,7
Tata,tiago,42180.0,0,0,401999.99999999994,5
Toyota,glanza,9250.0,0,0,599000.0,6
Toyota,glanza,11370.0,0,0,724000.0,3
Toyota,glanza,24170.0,0,0,800000.0,3
Toyota,glanza,44840.0,0,0,610000.0,4
Toyota,innova crysta,58430.0,1,0,1830000.0,8
Toyota,etios liva,17280.0,0,0,335000.0,13
Toyota,glanza,42690.0,0,1,550000.0,7
Toyota,etios liva,190000.0,1,0,280000.0,11
Toyota,etios liva,99730.0,0,0,237000.0,15
Toyota,etios liva,62440.0,0,0,289000.0,13
Toyota,etios liva,130000.0,0,0,210000.0,12
Toyota,innova crysta,28780.0,1,0,2700000.0,2
Toyota,glanza,88070.0,0,0,575000.0,4
Toyota,glanza,62830.0,0,0,530000.0,4
Toyota,glanza,36140.0,0,1,700000.0,4
Toyota,glanza,40950.0,0,0,567000.0,2
Toyota,yaris,55030.0,0,1,601000.0,8
Toyota,glanza,40710.0,0,0,639000.0,7
Toyota,yaris,39160.0,0,0,646000.0,5
Toyota,glanza,81320.0,0,0,503000.0,7
Toyota,etios,94580.0,0,0,250999.99999999997,13
Toyota,glanza,21620.0,0,0,678000.0,2
Toyota,glanza,51250.0,0,0,562000.0,5
Toyota,innova crysta,140000.0,1,1,1725000.0,9
Toyota,innova crysta,95790.0,1,1,2275000.0,6
Toyota,innova crysta,110000.00000000001,1,1,2375000.0,4
Toyota,glanza,120000.0,0,1,565000.0,7
Toyota,yaris,25430.0,0,1,700000.0,5
Toyota,yaris,73910.0,0,1,529000.0,8
Toyota,etios,82970.0,0,0,202999.99999999997,13
Toyota,yaris,16580.0,0,1,640000.0,8
Toyota,etios,81690.0,0,0,266000.0,12
Toyota,etios liva,110000.00000000001,0,0,161000.0,15
Toyota,innova crysta,79770.0,1,0,1525000.0,10
Toyota,etios,170000.0,1,0,231999.99999999997,15
Toyota,glanza,24530.0,0,0,650000.0,4
Toyota,etios liva,140000.0,0,0,199000.0,15
Toyota,etios,65220.0,0,0,237000.0,15
Toyota,etios liva,140000.0,0,0,193000.0,15
Toyota,etios liva,31910.0,0,0,327000.0,12
Toyota,etios,260000.0,1,0,266000.0,13
Toyota,etios liva,60780.0,0,0,260000.0,12
Toyota,glanza,35100.0,0,1,826000.0,4
Toyota,etios,24370.0,0,0,300000.0,13
Volkswagen,polo,94560.0,0,0,190000.0,14
Volkswagen,polo,67700.0,1,0,300000.0,14
Volkswagen,polo,86990.0,1,0,442000.0,12
Volkswagen,taigun,40560.0,0,1,1016000.0,4
Volkswagen,polo,110000.00000000001,0,0,285000.0,13
Volkswagen,polo,72910.0,1,0,323000.0,13
Volkswagen,polo,130000.0,1,0,265000.0,12
Volkswagen,vento,74610.0,0,0,169000.0,15
Volkswagen,polo,100000.0,0,0,194000.0,15
Volkswagen,vento,210000.0,1,0,317000.0,13
Volkswagen,polo,78990.0,0,1,450000.0,12
Volkswagen,polo,55060.0,0,0,302000.0,12
Volkswagen,polo,70360.0,0,0,396000.0,6
Volkswagen,polo,110000.00000000001,0,0,353000.0,11
Volkswagen,polo,100000.0,0,1,538000.0,7
Volkswagen,polo,130000.0,0,0,174000.0,16
Volkswagen,polo,130000.0,1,0,155000.0,14
Volkswagen,polo,90170.0,1,0,231999.99999999997,12
Volkswagen,vento,83020.0,0,0,165000.0,15
Volkswagen,polo,34510.0,0,0,499000.0,8
Volkswagen,polo,57510.0,0,0,375000.0,6
Volkswagen,polo,110000.00000000001,1,0,112999.99999999999,15
Volkswagen,polo,81310.0,0,0,212000.0,15
Volkswagen,vento,160000.0,0,0,180000.0,15
Volkswagen,polo,45880.0,0,0,355000.0,11
Volkswagen,polo,16820.0,0,0,480000.0,8
Volkswagen,polo,140000.0,0,0,165000.0,16
Volkswagen,vento,150000.0,1,0,162000.0,15
Volkswagen,polo,150000.0,1,0,283000.0,13
Volkswagen,vento,130000.0,1,1,343000.0,11
Volkswagen,polo,180000.0,0,0,263000.0,13
Volkswagen,polo,79940.0,0,0,675000.0,5
Volkswagen,polo,67750.0,0,0,395000.0,9
Volkswagen,taigun,27400.0,0,0,958000.0,2
Volkswagen,polo,67300.0,0,0,650000.0,6
Volkswagen,polo,29250.0,0,0,717000.0,5
Volkswagen,taigun,11230.0,0,1,1657000.0,2
Volkswagen,polo,82640.0,0,1,448000.00000000006,10
Volkswagen,polo,59780.0,0,1,744000.0,5
Volkswagen,polo,130000.0,1,0,309000.0,10
Volkswagen,polo,130000.0,0,0,442000.0,9
Volkswagen,polo,29770.0,0,0,668000.0,4
Volkswagen,polo,130000.0,1,0,167000.0,15
Volkswagen,polo,120000.0,0,0,231999.99999999997,13
Volkswagen,polo,120000.0,1,0,260000.0,13
Volkswagen,polo,120000.0,1,0,150000.0,15
Volkswagen,polo,120000.0,0,0,181000.0,15
Volkswagen,polo,76930.0,0,0,385000.0,10
Volkswagen,taigun,67440.0,0,1,1291000.0,3
Volkswagen,polo,34160.0,0,0,384000.0,11
Volkswagen,polo,82300.0,0,0,463000.0,9
Volkswagen,polo,130000.0,1,0,270000.0,13
Volkswagen,polo,28240.0,0,0,550000.0,7
Volkswagen,polo,70980.0,0,0,181000.0,15
Volkswagen,polo,79650.0,0,0,157000.0,15
Volkswagen,vento,25100.0,1,1,699000.0,7
Volkswagen,polo,20260.0,0,0,328000.0,13
Volkswagen,polo,81700.0,1,0,445000.0,11
Volkswagen,polo,70940.0,0,0,463000.0,9
Volkswagen,polo,160000.0,1,0,242000.0,13
Volkswagen,polo,82200.0,0,0,225000.0,13
Volkswagen,vento,150000.0,0,1,348000.0,11
Volkswagen,vento,110000.00000000001,0,1,515000.00000000006,9
Volkswagen,polo,110000.00000000001,0,1,718000.0,7
Volkswagen,polo,100000.0,0,0,288000.0,13
Volkswagen,vento,110000.00000000001,0,1,242000.0,14
Volkswagen,taigun,28730.0,0,1,1299000.0,3
Volkswagen,polo,110000.00000000001,0,1,493000.0,10
